calibration /home/th1/hackathon-2026/camera_calibration_multi.json zone=MID (2026-08-20T04:49:03.059156+00:00)
  rotation=ccw process=240x320 roi=None capture=320x240@30.0
  jump rise_y>=0.0554 rise_bottom>=0.2445
  lateral left>=0.0869 right>=0.1006 center<=0.0081
  baseline x=0.4494 y=0.2925 bottom=0.7844 area=0.2229
[jump-debug] stage=BACKGROUND 検出=0f rise_y max=-9.0000/0.0554 rise_bottom max=-9.0000/0.2445 |offset| max=0.0000(L0.087/R0.101) JUMP=0
[jump-debug] stage=READY 検出=6f rise_y max=+0.0529/0.0554 rise_bottom max=+0.3094/0.2445 |offset| max=0.1111(L0.087/R0.101) JUMP=0
[jump-debug] stage=READY 検出=31f rise_y max=+0.0567/0.0554 rise_bottom max=+0.3094/0.2445 |offset| max=0.0992(L0.087/R0.101) JUMP=1
[jump-debug] stage=READY 検出=31f rise_y max=+0.0564/0.0554 rise_bottom max=+0.3094/0.2445 |offset| max=0.0675(L0.087/R0.101) JUMP=0
[jump-debug] stage=READY 検出=31f rise_y max=+0.0572/0.0554 rise_bottom max=+0.3125/0.2445 |offset| max=0.0675(L0.087/R0.101) JUMP=0
[jump-debug] stage=READY 検出=31f rise_y max=+0.0572/0.0554 rise_bottom max=+0.3094/0.2445 |offset| max=0.0675(L0.087/R0.101) JUMP=0
[jump-debug] stage=READY 検出=31f rise_y max=+0.0571/0.0554 rise_bottom max=+0.3125/0.2445 |offset| max=0.0675(L0.087/R0.101) JUMP=0
[jump-debug] stage=READY 検出=31f rise_y max=+0.0607/0.0554 rise_bottom max=+0.3125/0.2445 |offset| max=0.0676(L0.087/R0.101) JUMP=0
[jump-debug] stage=READY 検出=31f rise_y max=+0.0605/0.0554 rise_bottom max=+0.3125/0.2445 |offset| max=0.0676(L0.087/R0.101) JUMP=0
[jump-debug] stage=READY 検出=31f rise_y max=+0.0574/0.0554 rise_bottom max=+0.3094/0.2445 |offset| max=0.0672(L0.087/R0.101) JUMP=0
[jump-debug] stage=READY 検出=31f rise_y max=+0.0568/0.0554 rise_bottom max=+0.3094/0.2445 |offset| max=0.0668(L0.087/R0.101) JUMP=0
[jump-debug] stage=READY 検出=31f rise_y max=+0.0570/0.0554 rise_bottom max=+0.3094/0.2445 |offset| max=0.0673(L0.087/R0.101) JUMP=0
[jump-debug] stage=READY 検出=31f rise_y max=+0.0569/0.0554 rise_bottom max=+0.3094/0.2445 |offset| max=0.0673(L0.087/R0.101) JUMP=0
[jump-debug] stage=READY 検出=31f rise_y max=+0.0573/0.0554 rise_bottom max=+0.3094/0.2445 |offset| max=0.0675(L0.087/R0.101) JUMP=0
[jump-debug] stage=READY 検出=31f rise_y max=+0.0575/0.0554 rise_bottom max=+0.3094/0.2445 |offset| max=0.0672(L0.087/R0.101) JUMP=0
[jump-debug] stage=READY 検出=31f rise_y max=+0.0577/0.0554 rise_bottom max=+0.3125/0.2445 |offset| max=0.0675(L0.087/R0.101) JUMP=0
[jump-debug] stage=READY 検出=31f rise_y max=+0.0582/0.0554 rise_bottom max=+0.3094/0.2445 |offset| max=0.0673(L0.087/R0.101) JUMP=0
[jump-debug] stage=READY 検出=31f rise_y max=+0.0581/0.0554 rise_bottom max=+0.3094/0.2445 |offset| max=0.0675(L0.087/R0.101) JUMP=0
[jump-debug] stage=READY 検出=31f rise_y max=+0.0569/0.0554 rise_bottom max=+0.3094/0.2445 |offset| max=0.0670(L0.087/R0.101) JUMP=0
[jump-debug] stage=READY 検出=31f rise_y max=+0.0581/0.0554 rise_bottom max=+0.3094/0.2445 |offset| max=0.0672(L0.087/R0.101) JUMP=0
[jump-debug] stage=READY 検出=30f rise_y max=+0.0572/0.0554 rise_bottom max=+0.3094/0.2445 |offset| max=0.0671(L0.087/R0.101) JUMP=0
[jump-debug] stage=READY 検出=31f rise_y max=+0.0572/0.0554 rise_bottom max=+0.3094/0.2445 |offset| max=0.0673(L0.087/R0.101) JUMP=0
[jump-debug] stage=READY 検出=31f rise_y max=+0.0571/0.0554 rise_bottom max=+0.3094/0.2445 |offset| max=0.0675(L0.087/R0.101) JUMP=0
[jump-debug] stage=READY 検出=31f rise_y max=+0.0567/0.0554 rise_bottom max=+0.3094/0.2445 |offset| max=0.0674(L0.087/R0.101) JUMP=0
[jump-debug] stage=READY 検出=31f rise_y max=+0.0569/0.0554 rise_bottom max=+0.3094/0.2445 |offset| max=0.0673(L0.087/R0.101) JUMP=0
[jump-debug] stage=READY 検出=31f rise_y max=+0.0565/0.0554 rise_bottom max=+0.3094/0.2445 |offset| max=0.0674(L0.087/R0.101) JUMP=0
[jump-debug] stage=READY 検出=31f rise_y max=+0.0568/0.0554 rise_bottom max=+0.3094/0.2445 |offset| max=0.0680(L0.087/R0.101) JUMP=0
[jump-debug] stage=READY 検出=31f rise_y max=+0.0568/0.0554 rise_bottom max=+0.3094/0.2445 |offset| max=0.0675(L0.087/R0.101) JUMP=0
[jump-debug] stage=READY 検出=31f rise_y max=+0.0571/0.0554 rise_bottom max=+0.3094/0.2445 |offset| max=0.0674(L0.087/R0.101) JUMP=0
[jump-debug] stage=READY 検出=31f rise_y max=+0.0573/0.0554 rise_bottom max=+0.3094/0.2445 |offset| max=0.0673(L0.087/R0.101) JUMP=0
[jump-debug] stage=READY 検出=31f rise_y max=+0.0574/0.0554 rise_bottom max=+0.3094/0.2445 |offset| max=0.0671(L0.087/R0.101) JUMP=0
[jump-debug] stage=READY 検出=31f rise_y max=+0.0576/0.0554 rise_bottom max=+0.3094/0.2445 |offset| max=0.0672(L0.087/R0.101) JUMP=0
[jump-debug] stage=READY 検出=30f rise_y max=+0.0577/0.0554 rise_bottom max=+0.3094/0.2445 |offset| max=0.0668(L0.087/R0.101) JUMP=0
[jump-debug] stage=READY 検出=31f rise_y max=+0.0574/0.0554 rise_bottom max=+0.3094/0.2445 |offset| max=0.0669(L0.087/R0.101) JUMP=0
[jump-debug] stage=READY 検出=31f rise_y max=+0.0581/0.0554 rise_bottom max=+0.3094/0.2445 |offset| max=0.0673(L0.087/R0.101) JUMP=0
[jump-debug] stage=READY 検出=31f rise_y max=+0.0573/0.0554 rise_bottom max=+0.3125/0.2445 |offset| max=0.0672(L0.087/R0.101) JUMP=0
[jump-debug] stage=READY 検出=31f rise_y max=+0.0573/0.0554 rise_bottom max=+0.3094/0.2445 |offset| max=0.0674(L0.087/R0.101) JUMP=0
[jump-debug] stage=READY 検出=31f rise_y max=+0.0575/0.0554 rise_bottom max=+0.3094/0.2445 |offset| max=0.0672(L0.087/R0.101) JUMP=0
[jump-debug] stage=READY 検出=31f rise_y max=+0.0576/0.0554 rise_bottom max=+0.3094/0.2445 |offset| max=0.0672(L0.087/R0.101) JUMP=0
[jump-debug] stage=READY 検出=30f rise_y max=+0.0578/0.0554 rise_bottom max=+0.3094/0.2445 |offset| max=0.0676(L0.087/R0.101) JUMP=0
[jump-debug] stage=READY 検出=31f rise_y max=+0.0571/0.0554 rise_bottom max=+0.3094/0.2445 |offset| max=0.0673(L0.087/R0.101) JUMP=0
[jump-debug] stage=READY 検出=31f rise_y max=+0.0581/0.0554 rise_bottom max=+0.3094/0.2445 |offset| max=0.0675(L0.087/R0.101) JUMP=0
[jump-debug] stage=READY 検出=31f rise_y max=+0.0572/0.0554 rise_bottom max=+0.3094/0.2445 |offset| max=0.0675(L0.087/R0.101) JUMP=0
[jump-debug] stage=READY 検出=30f rise_y max=+0.0568/0.0554 rise_bottom max=+0.3094/0.2445 |offset| max=0.0674(L0.087/R0.101) JUMP=0
[jump-debug] stage=READY 検出=30f rise_y max=+0.0563/0.0554 rise_bottom max=+0.3094/0.2445 |offset| max=0.0671(L0.087/R0.101) JUMP=0
[jump-debug] stage=READY 検出=31f rise_y max=+0.0566/0.0554 rise_bottom max=+0.3094/0.2445 |offset| max=0.0680(L0.087/R0.101) JUMP=0
[jump-debug] stage=READY 検出=31f rise_y max=+0.0572/0.0554 rise_bottom max=+0.3094/0.2445 |offset| max=0.0676(L0.087/R0.101) JUMP=0
[jump-debug] stage=READY 検出=30f rise_y max=+0.2679/0.0554 rise_bottom max=+0.7188/0.2445 |offset| max=0.5135(L0.087/R0.101) JUMP=1
[jump-debug] stage=READY 検出=31f rise_y max=-0.0737/0.0554 rise_bottom max=+0.0469/0.2445 |offset| max=0.5135(L0.087/R0.101) JUMP=0
[jump-debug] stage=READY 検出=31f rise_y max=-0.0721/0.0554 rise_bottom max=-0.0750/0.2445 |offset| max=0.2699(L0.087/R0.101) JUMP=0
[jump-debug] stage=READY 検出=31f rise_y max=-0.0268/0.0554 rise_bottom max=-0.0156/0.2445 |offset| max=0.1834(L0.087/R0.101) JUMP=0
[jump-debug] stage=READY 検出=31f rise_y max=+0.1810/0.0554 rise_bottom max=+0.3438/0.2445 |offset| max=0.2535(L0.087/R0.101) JUMP=2
[jump-debug] stage=READY 検出=30f rise_y max=+0.0231/0.0554 rise_bottom max=+0.4813/0.2445 |offset| max=0.3502(L0.087/R0.101) JUMP=1
[jump-debug] stage=READY 検出=30f rise_y max=+0.0670/0.0554 rise_bottom max=+0.3375/0.2445 |offset| max=0.2948(L0.087/R0.101) JUMP=1
[jump-debug] stage=READY 検出=31f rise_y max=+0.0658/0.0554 rise_bottom max=+0.3375/0.2445 |offset| max=0.0667(L0.087/R0.101) JUMP=0
[jump-debug] stage=READY 検出=30f rise_y max=+0.0762/0.0554 rise_bottom max=+0.3438/0.2445 |offset| max=0.0691(L0.087/R0.101) JUMP=0
[jump-debug] stage=READY 検出=31f rise_y max=+0.0580/0.0554 rise_bottom max=+0.3156/0.2445 |offset| max=0.0676(L0.087/R0.101) JUMP=0
[jump-debug] stage=READY 検出=31f rise_y max=+0.0645/0.0554 rise_bottom max=+0.3375/0.2445 |offset| max=0.0677(L0.087/R0.101) JUMP=0
[jump-debug] stage=READY 検出=31f rise_y max=+0.0646/0.0554 rise_bottom max=+0.3375/0.2445 |offset| max=0.0671(L0.087/R0.101) JUMP=0
[jump-debug] stage=READY 検出=30f rise_y max=+0.0645/0.0554 rise_bottom max=+0.3375/0.2445 |offset| max=0.0674(L0.087/R0.101) JUMP=0
[jump-debug] stage=READY 検出=31f rise_y max=+0.0647/0.0554 rise_bottom max=+0.3375/0.2445 |offset| max=0.0674(L0.087/R0.101) JUMP=0
[jump-debug] stage=READY 検出=31f rise_y max=+0.0667/0.0554 rise_bottom max=+0.3375/0.2445 |offset| max=0.0656(L0.087/R0.101) JUMP=0
[jump-debug] stage=READY 検出=31f rise_y max=+0.0620/0.0554 rise_bottom max=+0.3375/0.2445 |offset| max=0.1351(L0.087/R0.101) JUMP=0
[jump-debug] stage=READY 検出=31f rise_y max=+0.0125/0.0554 rise_bottom max=-0.0062/0.2445 |offset| max=0.1308(L0.087/R0.101) JUMP=0
[jump-debug] stage=READY 検出=31f rise_y max=+0.0143/0.0554 rise_bottom max=-0.0062/0.2445 |offset| max=0.1186(L0.087/R0.101) JUMP=0
[jump-debug] stage=READY 検出=31f rise_y max=+0.0627/0.0554 rise_bottom max=+0.2313/0.2445 |offset| max=0.0162(L0.087/R0.101) JUMP=1
[jump-debug] stage=READY 検出=31f rise_y max=-0.0043/0.0554 rise_bottom max=+0.0125/0.2445 |offset| max=0.1161(L0.087/R0.101) JUMP=0
[jump-debug] stage=READY 検出=31f rise_y max=+0.0332/0.0554 rise_bottom max=+0.1188/0.2445 |offset| max=0.3659(L0.087/R0.101) JUMP=0
[jump-debug] stage=READY 検出=31f rise_y max=-0.0013/0.0554 rise_bottom max=+0.0250/0.2445 |offset| max=0.2506(L0.087/R0.101) JUMP=0
[jump-debug] stage=READY 検出=31f rise_y max=+0.0096/0.0554 rise_bottom max=+0.0000/0.2445 |offset| max=0.1256(L0.087/R0.101) JUMP=0
[jump-debug] stage=READY 検出=30f rise_y max=+0.0113/0.0554 rise_bottom max=-0.0187/0.2445 |offset| max=0.1330(L0.087/R0.101) JUMP=0
[jump-debug] stage=READY 検出=31f rise_y max=+0.0096/0.0554 rise_bottom max=+0.0000/0.2445 |offset| max=0.1730(L0.087/R0.101) JUMP=0
[jump-debug] stage=READY 検出=31f rise_y max=-0.0229/0.0554 rise_bottom max=+0.0906/0.2445 |offset| max=0.2935(L0.087/R0.101) JUMP=0
[jump-debug] stage=READY 検出=30f rise_y max=+0.0267/0.0554 rise_bottom max=+0.0500/0.2445 |offset| max=0.2667(L0.087/R0.101) JUMP=0
[jump-debug] stage=READY 検出=31f rise_y max=-0.0047/0.0554 rise_bottom max=-0.0375/0.2445 |offset| max=0.0416(L0.087/R0.101) JUMP=0
[jump-debug] stage=READY 検出=31f rise_y max=+0.0111/0.0554 rise_bottom max=-0.0406/0.2445 |offset| max=0.1047(L0.087/R0.101) JUMP=0
[jump-debug] stage=READY 検出=31f rise_y max=-0.0083/0.0554 rise_bottom max=+0.0219/0.2445 |offset| max=0.0618(L0.087/R0.101) JUMP=0
[jump-debug] stage=READY 検出=31f rise_y max=-0.0016/0.0554 rise_bottom max=+0.0219/0.2445 |offset| max=0.1781(L0.087/R0.101) JUMP=0
[jump-debug] stage=READY 検出=31f rise_y max=+0.0331/0.0554 rise_bottom max=+0.1250/0.2445 |offset| max=0.2042(L0.087/R0.101) JUMP=0
[jump-debug] stage=READY 検出=31f rise_y max=+0.0334/0.0554 rise_bottom max=+0.1250/0.2445 |offset| max=0.1937(L0.087/R0.101) JUMP=0
[jump-debug] stage=READY 検出=31f rise_y max=+0.0362/0.0554 rise_bottom max=+0.1406/0.2445 |offset| max=0.2505(L0.087/R0.101) JUMP=0
[jump-debug] stage=READY 検出=31f rise_y max=+0.0110/0.0554 rise_bottom max=+0.1031/0.2445 |offset| max=0.3269(L0.087/R0.101) JUMP=0
[jump-debug] stage=READY 検出=31f rise_y max=+0.0479/0.0554 rise_bottom max=+0.1625/0.2445 |offset| max=0.2703(L0.087/R0.101) JUMP=0
[jump-debug] stage=READY 検出=31f rise_y max=+0.0604/0.0554 rise_bottom max=+0.2313/0.2445 |offset| max=0.0528(L0.087/R0.101) JUMP=0
[jump-debug] stage=READY 検出=31f rise_y max=-0.0000/0.0554 rise_bottom max=-0.0062/0.2445 |offset| max=0.0252(L0.087/R0.101) JUMP=0
[jump-debug] stage=READY 検出=31f rise_y max=+0.0750/0.0554 rise_bottom max=+0.2500/0.2445 |offset| max=0.1283(L0.087/R0.101) JUMP=1
[jump-debug] stage=READY 検出=31f rise_y max=-0.0069/0.0554 rise_bottom max=-0.0375/0.2445 |offset| max=0.0504(L0.087/R0.101) JUMP=0
[jump-debug] stage=READY 検出=31f rise_y max=+0.0253/0.0554 rise_bottom max=+0.1063/0.2445 |offset| max=0.3604(L0.087/R0.101) JUMP=0
[jump-debug] stage=READY 検出=31f rise_y max=+0.0225/0.0554 rise_bottom max=+0.1188/0.2445 |offset| max=0.3583(L0.087/R0.101) JUMP=0
[jump-debug] stage=READY 検出=31f rise_y max=+0.0368/0.0554 rise_bottom max=+0.0250/0.2445 |offset| max=0.2037(L0.087/R0.101) JUMP=0
[jump-debug] stage=READY 検出=31f rise_y max=+0.0365/0.0554 rise_bottom max=+0.0250/0.2445 |offset| max=0.1041(L0.087/R0.101) JUMP=0
[jump-debug] stage=READY 検出=31f rise_y max=+0.0056/0.0554 rise_bottom max=-0.0781/0.2445 |offset| max=0.0842(L0.087/R0.101) JUMP=0
[jump-debug] stage=READY 検出=31f rise_y max=+0.0306/0.0554 rise_bottom max=+0.0156/0.2445 |offset| max=0.0622(L0.087/R0.101) JUMP=0
[jump-debug] stage=READY 検出=31f rise_y max=+0.0158/0.0554 rise_bottom max=-0.0219/0.2445 |offset| max=0.1150(L0.087/R0.101) JUMP=0
[jump-debug] stage=READY 検出=31f rise_y max=+0.0138/0.0554 rise_bottom max=-0.0219/0.2445 |offset| max=0.1154(L0.087/R0.101) JUMP=0
[jump-debug] stage=READY 検出=31f rise_y max=+0.0769/0.0554 rise_bottom max=+0.2344/0.2445 |offset| max=0.1273(L0.087/R0.101) JUMP=1
[jump-debug] stage=READY 検出=31f rise_y max=-0.0049/0.0554 rise_bottom max=-0.0219/0.2445 |offset| max=0.1216(L0.087/R0.101) JUMP=0
[jump-debug] stage=READY 検出=31f rise_y max=-0.0068/0.0554 rise_bottom max=-0.0812/0.2445 |offset| max=0.0682(L0.087/R0.101) JUMP=0
[jump-debug] stage=READY 検出=31f rise_y max=-0.0127/0.0554 rise_bottom max=-0.0812/0.2445 |offset| max=0.0448(L0.087/R0.101) JUMP=0
[jump-debug] stage=READY 検出=31f rise_y max=-0.0150/0.0554 rise_bottom max=-0.1125/0.2445 |offset| max=0.0437(L0.087/R0.101) JUMP=0
[jump-debug] stage=READY 検出=31f rise_y max=-0.0016/0.0554 rise_bottom max=-0.0781/0.2445 |offset| max=0.0983(L0.087/R0.101) JUMP=0
[jump-debug] stage=READY 検出=31f rise_y max=-0.0053/0.0554 rise_bottom max=-0.0812/0.2445 |offset| max=0.0628(L0.087/R0.101) JUMP=0
[jump-debug] stage=READY 検出=31f rise_y max=+0.0204/0.0554 rise_bottom max=+0.1188/0.2445 |offset| max=0.2298(L0.087/R0.101) JUMP=0
[jump-debug] stage=READY 検出=30f rise_y max=+0.0214/0.0554 rise_bottom max=+0.1188/0.2445 |offset| max=0.2333(L0.087/R0.101) JUMP=0
[jump-debug] stage=READY 検出=31f rise_y max=+0.0012/0.0554 rise_bottom max=+0.0094/0.2445 |offset| max=0.1743(L0.087/R0.101) JUMP=0
[jump-debug] stage=READY 検出=31f rise_y max=+0.0045/0.0554 rise_bottom max=+0.0094/0.2445 |offset| max=0.1865(L0.087/R0.101) JUMP=0
[jump-debug] stage=READY 検出=30f rise_y max=+0.0285/0.0554 rise_bottom max=+0.0094/0.2445 |offset| max=0.1533(L0.087/R0.101) JUMP=0
[jump-debug] stage=READY 検出=31f rise_y max=+0.0247/0.0554 rise_bottom max=+0.0094/0.2445 |offset| max=0.1398(L0.087/R0.101) JUMP=0
[jump-debug] stage=READY 検出=31f rise_y max=+0.0834/0.0554 rise_bottom max=+0.1844/0.2445 |offset| max=0.1377(L0.087/R0.101) JUMP=0
[jump-debug] stage=READY 検出=30f rise_y max=+0.0045/0.0554 rise_bottom max=-0.0187/0.2445 |offset| max=0.1366(L0.087/R0.101) JUMP=0
[jump-debug] stage=READY 検出=31f rise_y max=+0.0018/0.0554 rise_bottom max=-0.0187/0.2445 |offset| max=0.0632(L0.087/R0.101) JUMP=0
[jump-debug] stage=READY 検出=31f rise_y max=+0.0164/0.0554 rise_bottom max=-0.0187/0.2445 |offset| max=0.0240(L0.087/R0.101) JUMP=0
[jump-debug] stage=READY 検出=31f rise_y max=+0.0734/0.0554 rise_bottom max=+0.2313/0.2445 |offset| max=0.0148(L0.087/R0.101) JUMP=1
[jump-debug] stage=READY 検出=31f rise_y max=-0.0056/0.0554 rise_bottom max=+0.0969/0.2445 |offset| max=0.2888(L0.087/R0.101) JUMP=0
[jump-debug] stage=READY 検出=31f rise_y max=+0.0186/0.0554 rise_bottom max=+0.1188/0.2445 |offset| max=0.3883(L0.087/R0.101) JUMP=0
[jump-debug] stage=READY 検出=31f rise_y max=-0.0094/0.0554 rise_bottom max=+0.0312/0.2445 |offset| max=0.2531(L0.087/R0.101) JUMP=0
[jump-debug] stage=READY 検出=31f rise_y max=-0.0054/0.0554 rise_bottom max=-0.0187/0.2445 |offset| max=0.0186(L0.087/R0.101) JUMP=0
[jump-debug] stage=READY 検出=31f rise_y max=-0.0069/0.0554 rise_bottom max=+0.0969/0.2445 |offset| max=0.3157(L0.087/R0.101) JUMP=0
[jump-debug] stage=READY 検出=31f rise_y max=+0.0209/0.0554 rise_bottom max=+0.1063/0.2445 |offset| max=0.3193(L0.087/R0.101) JUMP=0
[jump-debug] stage=READY 検出=30f rise_y max=+0.0145/0.0554 rise_bottom max=+0.0500/0.2445 |offset| max=0.1792(L0.087/R0.101) JUMP=0
[jump-debug] stage=READY 検出=31f rise_y max=+0.0203/0.0554 rise_bottom max=+0.0625/0.2445 |offset| max=0.1775(L0.087/R0.101) JUMP=0
[jump-debug] stage=READY 検出=31f rise_y max=+0.0203/0.0554 rise_bottom max=+0.0781/0.2445 |offset| max=0.1778(L0.087/R0.101) JUMP=0
[jump-debug] stage=READY 検出=31f rise_y max=+0.0083/0.0554 rise_bottom max=+0.0813/0.2445 |offset| max=0.1138(L0.087/R0.101) JUMP=0
[jump-debug] stage=READY 検出=31f rise_y max=+0.0060/0.0554 rise_bottom max=+0.0656/0.2445 |offset| max=0.0941(L0.087/R0.101) JUMP=0
[jump-debug] stage=READY 検出=31f rise_y max=+0.0029/0.0554 rise_bottom max=+0.0656/0.2445 |offset| max=0.0910(L0.087/R0.101) JUMP=0
[jump-debug] stage=READY 検出=31f rise_y max=+0.0198/0.0554 rise_bottom max=+0.0656/0.2445 |offset| max=0.1786(L0.087/R0.101) JUMP=0
[jump-debug] stage=READY 検出=31f rise_y max=+0.0040/0.0554 rise_bottom max=+0.0500/0.2445 |offset| max=0.0899(L0.087/R0.101) JUMP=0
[jump-debug] stage=READY 検出=30f rise_y max=+0.0063/0.0554 rise_bottom max=+0.0500/0.2445 |offset| max=0.0904(L0.087/R0.101) JUMP=0
[jump-debug] stage=READY 検出=31f rise_y max=-0.0130/0.0554 rise_bottom max=+0.0312/0.2445 |offset| max=0.1576(L0.087/R0.101) JUMP=0
[jump-debug] stage=READY 検出=31f rise_y max=-0.0159/0.0554 rise_bottom max=-0.0781/0.2445 |offset| max=0.1582(L0.087/R0.101) JUMP=0
[jump-debug] stage=READY 検出=31f rise_y max=-0.0149/0.0554 rise_bottom max=+0.0312/0.2445 |offset| max=0.1491(L0.087/R0.101) JUMP=0
[jump-debug] stage=READY 検出=31f rise_y max=+0.0568/0.0554 rise_bottom max=+0.2344/0.2445 |offset| max=0.0985(L0.087/R0.101) JUMP=0
[jump-debug] stage=READY 検出=31f rise_y max=+0.0825/0.0554 rise_bottom max=+0.2688/0.2445 |offset| max=0.0723(L0.087/R0.101) JUMP=1
[jump-debug] stage=READY 検出=31f rise_y max=+0.0057/0.0554 rise_bottom max=+0.0781/0.2445 |offset| max=0.3366(L0.087/R0.101) JUMP=0
[jump-debug] stage=READY 検出=31f rise_y max=+0.0151/0.0554 rise_bottom max=+0.1438/0.2445 |offset| max=0.4265(L0.087/R0.101) JUMP=0
[jump-debug] stage=READY 検出=31f rise_y max=+0.0761/0.0554 rise_bottom max=+0.4219/0.2445 |offset| max=0.4854(L0.087/R0.101) JUMP=1
[jump-debug] stage=READY 検出=31f rise_y max=+0.0897/0.0554 rise_bottom max=+0.4219/0.2445 |offset| max=0.4928(L0.087/R0.101) JUMP=0
[jump-debug] stage=READY 検出=31f rise_y max=+0.0629/0.0554 rise_bottom max=+0.4219/0.2445 |offset| max=0.4953(L0.087/R0.101) JUMP=0
[jump-debug] stage=READY 検出=31f rise_y max=+0.0632/0.0554 rise_bottom max=+0.4219/0.2445 |offset| max=0.4966(L0.087/R0.101) JUMP=0
[jump-debug] stage=READY 検出=30f rise_y max=+0.1341/0.0554 rise_bottom max=+0.4688/0.2445 |offset| max=0.5135(L0.087/R0.101) JUMP=0
[jump-debug] stage=READY 検出=31f rise_y max=+0.0935/0.0554 rise_bottom max=+0.4219/0.2445 |offset| max=0.4935(L0.087/R0.101) JUMP=0
[jump-debug] stage=READY 検出=31f rise_y max=+0.1367/0.0554 rise_bottom max=+0.4688/0.2445 |offset| max=0.4982(L0.087/R0.101) JUMP=0
[jump-debug] stage=READY 検出=31f rise_y max=+0.1076/0.0554 rise_bottom max=+0.4219/0.2445 |offset| max=0.4799(L0.087/R0.101) JUMP=1
[jump-debug] stage=READY 検出=31f rise_y max=+0.0197/0.0554 rise_bottom max=+0.4750/0.2445 |offset| max=0.3224(L0.087/R0.101) JUMP=0
[jump-debug] stage=READY 検出=30f rise_y max=-0.0247/0.0554 rise_bottom max=+0.1844/0.2445 |offset| max=0.3224(L0.087/R0.101) JUMP=0
[jump-debug] stage=READY 検出=31f rise_y max=+0.0044/0.0554 rise_bottom max=-0.0187/0.2445 |offset| max=0.0465(L0.087/R0.101) JUMP=0
[jump-debug] stage=READY 検出=31f rise_y max=+0.0186/0.0554 rise_bottom max=-0.0187/0.2445 |offset| max=0.1067(L0.087/R0.101) JUMP=0
[jump-debug] stage=READY 検出=31f rise_y max=+0.0059/0.0554 rise_bottom max=-0.0187/0.2445 |offset| max=0.0529(L0.087/R0.101) JUMP=0
[jump-debug] stage=READY 検出=31f rise_y max=+0.0114/0.0554 rise_bottom max=-0.0187/0.2445 |offset| max=0.0497(L0.087/R0.101) JUMP=0
[jump-debug] stage=READY 検出=31f rise_y max=+0.0136/0.0554 rise_bottom max=-0.0187/0.2445 |offset| max=0.0533(L0.087/R0.101) JUMP=0
[jump-debug] stage=READY 検出=31f rise_y max=+0.0717/0.0554 rise_bottom max=+0.2563/0.2445 |offset| max=0.1001(L0.087/R0.101) JUMP=1
[jump-debug] stage=READY 検出=31f rise_y max=+0.0239/0.0554 rise_bottom max=+0.1094/0.2445 |offset| max=0.2660(L0.087/R0.101) JUMP=0
[jump-debug] stage=READY 検出=31f rise_y max=+0.0374/0.0554 rise_bottom max=+0.1281/0.2445 |offset| max=0.3538(L0.087/R0.101) JUMP=0
[jump-debug] stage=READY 検出=31f rise_y max=+0.0361/0.0554 rise_bottom max=+0.0000/0.2445 |offset| max=0.0621(L0.087/R0.101) JUMP=0
[jump-debug] stage=READY 検出=31f rise_y max=+0.0269/0.0554 rise_bottom max=-0.0187/0.2445 |offset| max=0.0464(L0.087/R0.101) JUMP=0
[jump-debug] stage=READY 検出=31f rise_y max=+0.0226/0.0554 rise_bottom max=+0.0000/0.2445 |offset| max=0.1507(L0.087/R0.101) JUMP=0
[jump-debug] stage=READY 検出=30f rise_y max=+0.0186/0.0554 rise_bottom max=+0.1125/0.2445 |offset| max=0.1102(L0.087/R0.101) JUMP=0
[jump-debug] stage=READY 検出=31f rise_y max=+0.0592/0.0554 rise_bottom max=+0.1594/0.2445 |offset| max=0.2509(L0.087/R0.101) JUMP=0
[jump-debug] stage=READY 検出=31f rise_y max=+0.0332/0.0554 rise_bottom max=+0.1469/0.2445 |offset| max=0.2300(L0.087/R0.101) JUMP=0
[jump-debug] stage=READY 検出=31f rise_y max=+0.0697/0.0554 rise_bottom max=+0.2344/0.2445 |offset| max=0.1118(L0.087/R0.101) JUMP=1
[jump-debug] stage=READY 検出=31f rise_y max=+0.0060/0.0554 rise_bottom max=+0.1000/0.2445 |offset| max=0.2913(L0.087/R0.101) JUMP=0
[jump-debug] stage=READY 検出=31f rise_y max=+0.0053/0.0554 rise_bottom max=+0.1156/0.2445 |offset| max=0.3564(L0.087/R0.101) JUMP=0
[jump-debug] stage=READY 検出=31f rise_y max=+0.0292/0.0554 rise_bottom max=+0.1406/0.2445 |offset| max=0.2361(L0.087/R0.101) JUMP=0
[jump-debug] stage=READY 検出=31f rise_y max=+0.0385/0.0554 rise_bottom max=+0.1438/0.2445 |offset| max=0.1848(L0.087/R0.101) JUMP=0
[jump-debug] stage=READY 検出=31f rise_y max=+0.0295/0.0554 rise_bottom max=+0.4813/0.2445 |offset| max=0.2044(L0.087/R0.101) JUMP=0
[jump-debug] stage=READY 検出=31f rise_y max=+0.0239/0.0554 rise_bottom max=+0.4813/0.2445 |offset| max=0.2081(L0.087/R0.101) JUMP=0
[jump-debug] stage=READY 検出=31f rise_y max=+0.0087/0.0554 rise_bottom max=+0.1344/0.2445 |offset| max=0.5051(L0.087/R0.101) JUMP=0
[jump-debug] stage=READY 検出=30f rise_y max=+0.0746/0.0554 rise_bottom max=+0.3375/0.2445 |offset| max=0.5051(L0.087/R0.101) JUMP=1
[jump-debug] stage=READY 検出=31f rise_y max=+0.0664/0.0554 rise_bottom max=+0.3375/0.2445 |offset| max=0.0660(L0.087/R0.101) JUMP=0
[jump-debug] stage=READY 検出=31f rise_y max=+0.0664/0.0554 rise_bottom max=+0.3375/0.2445 |offset| max=0.0674(L0.087/R0.101) JUMP=0
[jump-debug] stage=READY 検出=31f rise_y max=+0.0664/0.0554 rise_bottom max=+0.3375/0.2445 |offset| max=0.0565(L0.087/R0.101) JUMP=0
[jump-debug] stage=READY 検出=31f rise_y max=+0.0665/0.0554 rise_bottom max=+0.3375/0.2445 |offset| max=0.0565(L0.087/R0.101) JUMP=0
[jump-debug] stage=READY 検出=31f rise_y max=+0.0668/0.0554 rise_bottom max=+0.3375/0.2445 |offset| max=0.0565(L0.087/R0.101) JUMP=0
[jump-debug] stage=READY 検出=31f rise_y max=+0.0665/0.0554 rise_bottom max=+0.3375/0.2445 |offset| max=0.0563(L0.087/R0.101) JUMP=0
[jump-debug] stage=READY 検出=31f rise_y max=+0.0666/0.0554 rise_bottom max=+0.3375/0.2445 |offset| max=0.0572(L0.087/R0.101) JUMP=0
[jump-debug] stage=READY 検出=31f rise_y max=+0.0667/0.0554 rise_bottom max=+0.3375/0.2445 |offset| max=0.0570(L0.087/R0.101) JUMP=0
[jump-debug] stage=READY 検出=31f rise_y max=+0.0663/0.0554 rise_bottom max=+0.3375/0.2445 |offset| max=0.0566(L0.087/R0.101) JUMP=0
[jump-debug] stage=READY 検出=31f rise_y max=+0.0669/0.0554 rise_bottom max=+0.3375/0.2445 |offset| max=0.0568(L0.087/R0.101) JUMP=0
[jump-debug] stage=READY 検出=31f rise_y max=+0.0664/0.0554 rise_bottom max=+0.3375/0.2445 |offset| max=0.0565(L0.087/R0.101) JUMP=0
[jump-debug] stage=READY 検出=31f rise_y max=+0.0750/0.0554 rise_bottom max=+0.3375/0.2445 |offset| max=0.0566(L0.087/R0.101) JUMP=0
[jump-debug] stage=READY 検出=31f rise_y max=+0.0658/0.0554 rise_bottom max=+0.3375/0.2445 |offset| max=0.0663(L0.087/R0.101) JUMP=0
[jump-debug] stage=READY 検出=31f rise_y max=+0.0668/0.0554 rise_bottom max=+0.3375/0.2445 |offset| max=0.0673(L0.087/R0.101) JUMP=0
[jump-debug] stage=READY 検出=31f rise_y max=+0.0663/0.0554 rise_bottom max=+0.3375/0.2445 |offset| max=0.0661(L0.087/R0.101) JUMP=0
[jump-debug] stage=READY 検出=31f rise_y max=+0.0668/0.0554 rise_bottom max=+0.3375/0.2445 |offset| max=0.0668(L0.087/R0.101) JUMP=0
[jump-debug] stage=READY 検出=31f rise_y max=+0.0667/0.0554 rise_bottom max=+0.3375/0.2445 |offset| max=0.0662(L0.087/R0.101) JUMP=0
[jump-debug] stage=READY 検出=31f rise_y max=+0.0650/0.0554 rise_bottom max=+0.3375/0.2445 |offset| max=0.0662(L0.087/R0.101) JUMP=0
[jump-debug] stage=READY 検出=31f rise_y max=+0.0665/0.0554 rise_bottom max=+0.3375/0.2445 |offset| max=0.0666(L0.087/R0.101) JUMP=0
[jump-debug] stage=READY 検出=30f rise_y max=+0.0652/0.0554 rise_bottom max=+0.3375/0.2445 |offset| max=0.0662(L0.087/R0.101) JUMP=0
[jump-debug] stage=READY 検出=31f rise_y max=+0.0662/0.0554 rise_bottom max=+0.3375/0.2445 |offset| max=0.0660(L0.087/R0.101) JUMP=0
[jump-debug] stage=READY 検出=31f rise_y max=+0.0648/0.0554 rise_bottom max=+0.3375/0.2445 |offset| max=0.0663(L0.087/R0.101) JUMP=0
[jump-debug] stage=READY 検出=31f rise_y max=+0.0738/0.0554 rise_bottom max=+0.3375/0.2445 |offset| max=0.0672(L0.087/R0.101) JUMP=0
[jump-debug] stage=READY 検出=31f rise_y max=+0.0661/0.0554 rise_bottom max=+0.3375/0.2445 |offset| max=0.0669(L0.087/R0.101) JUMP=0
[jump-debug] stage=READY 検出=31f rise_y max=+0.0663/0.0554 rise_bottom max=+0.3375/0.2445 |offset| max=0.0564(L0.087/R0.101) JUMP=0
[jump-debug] stage=READY 検出=30f rise_y max=+0.0660/0.0554 rise_bottom max=+0.3375/0.2445 |offset| max=0.0563(L0.087/R0.101) JUMP=0
[jump-debug] stage=READY 検出=31f rise_y max=+0.0668/0.0554 rise_bottom max=+0.3375/0.2445 |offset| max=0.0564(L0.087/R0.101) JUMP=0
[jump-debug] stage=READY 検出=31f rise_y max=+0.0661/0.0554 rise_bottom max=+0.3375/0.2445 |offset| max=0.0561(L0.087/R0.101) JUMP=0
[jump-debug] stage=READY 検出=31f rise_y max=+0.0662/0.0554 rise_bottom max=+0.3375/0.2445 |offset| max=0.0561(L0.087/R0.101) JUMP=0
[jump-debug] stage=READY 検出=31f rise_y max=+0.0662/0.0554 rise_bottom max=+0.3375/0.2445 |offset| max=0.0566(L0.087/R0.101) JUMP=0
[jump-debug] stage=READY 検出=31f rise_y max=+0.0658/0.0554 rise_bottom max=+0.3375/0.2445 |offset| max=0.0662(L0.087/R0.101) JUMP=0
[jump-debug] stage=READY 検出=31f rise_y max=+0.0661/0.0554 rise_bottom max=+0.3375/0.2445 |offset| max=0.0671(L0.087/R0.101) JUMP=0
[jump-debug] stage=READY 検出=31f rise_y max=+0.0656/0.0554 rise_bottom max=+0.3375/0.2445 |offset| max=0.0674(L0.087/R0.101) JUMP=0
[jump-debug] stage=READY 検出=31f rise_y max=+0.0658/0.0554 rise_bottom max=+0.3375/0.2445 |offset| max=0.0674(L0.087/R0.101) JUMP=0
[jump-debug] stage=READY 検出=31f rise_y max=+0.0659/0.0554 rise_bottom max=+0.3375/0.2445 |offset| max=0.0564(L0.087/R0.101) JUMP=0
[jump-debug] stage=READY 検出=31f rise_y max=+0.0667/0.0554 rise_bottom max=+0.3375/0.2445 |offset| max=0.0565(L0.087/R0.101) JUMP=0
[jump-debug] stage=READY 検出=31f rise_y max=+0.0658/0.0554 rise_bottom max=+0.3375/0.2445 |offset| max=0.0561(L0.087/R0.101) JUMP=0
[jump-debug] stage=READY 検出=31f rise_y max=+0.0658/0.0554 rise_bottom max=+0.3375/0.2445 |offset| max=0.0563(L0.087/R0.101) JUMP=0
[jump-debug] stage=READY 検出=31f rise_y max=+0.0657/0.0554 rise_bottom max=+0.3375/0.2445 |offset| max=0.0562(L0.087/R0.101) JUMP=0
[jump-debug] stage=READY 検出=31f rise_y max=+0.0658/0.0554 rise_bottom max=+0.3375/0.2445 |offset| max=0.0566(L0.087/R0.101) JUMP=0
[jump-debug] stage=READY 検出=31f rise_y max=+0.0657/0.0554 rise_bottom max=+0.3375/0.2445 |offset| max=0.0565(L0.087/R0.101) JUMP=0
[jump-debug] stage=READY 検出=31f rise_y max=+0.0653/0.0554 rise_bottom max=+0.3375/0.2445 |offset| max=0.0670(L0.087/R0.101) JUMP=0
[jump-debug] stage=READY 検出=30f rise_y max=+0.0652/0.0554 rise_bottom max=+0.3375/0.2445 |offset| max=0.0674(L0.087/R0.101) JUMP=0
[jump-debug] stage=READY 検出=31f rise_y max=+0.0652/0.0554 rise_bottom max=+0.3375/0.2445 |offset| max=0.0671(L0.087/R0.101) JUMP=0
[jump-debug] stage=READY 検出=31f rise_y max=+0.0655/0.0554 rise_bottom max=+0.3375/0.2445 |offset| max=0.0673(L0.087/R0.101) JUMP=0
[jump-debug] stage=READY 検出=31f rise_y max=+0.0657/0.0554 rise_bottom max=+0.3375/0.2445 |offset| max=0.0564(L0.087/R0.101) JUMP=0
[jump-debug] stage=READY 検出=31f rise_y max=+0.0654/0.0554 rise_bottom max=+0.3375/0.2445 |offset| max=0.0671(L0.087/R0.101) JUMP=0
[jump-debug] stage=READY 検出=31f rise_y max=+0.0654/0.0554 rise_bottom max=+0.3375/0.2445 |offset| max=0.0673(L0.087/R0.101) JUMP=0
[jump-debug] stage=READY 検出=31f rise_y max=+0.0660/0.0554 rise_bottom max=+0.3375/0.2445 |offset| max=0.0677(L0.087/R0.101) JUMP=0
[jump-debug] stage=READY 検出=31f rise_y max=+0.0660/0.0554 rise_bottom max=+0.3375/0.2445 |offset| max=0.0669(L0.087/R0.101) JUMP=0
[jump-debug] stage=READY 検出=31f rise_y max=+0.0659/0.0554 rise_bottom max=+0.3375/0.2445 |offset| max=0.0564(L0.087/R0.101) JUMP=0
[jump-debug] stage=READY 検出=31f rise_y max=+0.0657/0.0554 rise_bottom max=+0.3375/0.2445 |offset| max=0.0565(L0.087/R0.101) JUMP=0
[jump-debug] stage=READY 検出=31f rise_y max=+0.0662/0.0554 rise_bottom max=+0.3375/0.2445 |offset| max=0.0670(L0.087/R0.101) JUMP=0
[jump-debug] stage=READY 検出=31f rise_y max=+0.0657/0.0554 rise_bottom max=+0.3375/0.2445 |offset| max=0.0671(L0.087/R0.101) JUMP=0
[jump-debug] stage=READY 検出=31f rise_y max=+0.0657/0.0554 rise_bottom max=+0.3375/0.2445 |offset| max=0.0672(L0.087/R0.101) JUMP=0
[jump-debug] stage=READY 検出=31f rise_y max=+0.0656/0.0554 rise_bottom max=+0.3375/0.2445 |offset| max=0.0671(L0.087/R0.101) JUMP=0
[jump-debug] stage=READY 検出=31f rise_y max=+0.0656/0.0554 rise_bottom max=+0.3375/0.2445 |offset| max=0.0566(L0.087/R0.101) JUMP=0
[jump-debug] stage=READY 検出=31f rise_y max=+0.0657/0.0554 rise_bottom max=+0.3375/0.2445 |offset| max=0.0564(L0.087/R0.101) JUMP=0
[jump-debug] stage=READY 検出=31f rise_y max=+0.0657/0.0554 rise_bottom max=+0.3375/0.2445 |offset| max=0.0564(L0.087/R0.101) JUMP=0
[jump-debug] stage=READY 検出=31f rise_y max=+0.0663/0.0554 rise_bottom max=+0.3375/0.2445 |offset| max=0.0562(L0.087/R0.101) JUMP=0
[jump-debug] stage=READY 検出=31f rise_y max=+0.0665/0.0554 rise_bottom max=+0.3375/0.2445 |offset| max=0.0561(L0.087/R0.101) JUMP=0
[jump-debug] stage=READY 検出=31f rise_y max=+0.0660/0.0554 rise_bottom max=+0.3375/0.2445 |offset| max=0.0562(L0.087/R0.101) JUMP=0
[jump-debug] stage=READY 検出=31f rise_y max=+0.0657/0.0554 rise_bottom max=+0.3375/0.2445 |offset| max=0.0674(L0.087/R0.101) JUMP=0
[jump-debug] stage=READY 検出=31f rise_y max=+0.0658/0.0554 rise_bottom max=+0.3375/0.2445 |offset| max=0.0672(L0.087/R0.101) JUMP=0
[jump-debug] stage=READY 検出=31f rise_y max=+0.0658/0.0554 rise_bottom max=+0.3375/0.2445 |offset| max=0.0671(L0.087/R0.101) JUMP=0
[jump-debug] stage=READY 検出=31f rise_y max=+0.0658/0.0554 rise_bottom max=+0.3375/0.2445 |offset| max=0.0666(L0.087/R0.101) JUMP=0
[jump-debug] stage=READY 検出=31f rise_y max=+0.0659/0.0554 rise_bottom max=+0.3375/0.2445 |offset| max=0.0563(L0.087/R0.101) JUMP=0
[jump-debug] stage=READY 検出=31f rise_y max=+0.0664/0.0554 rise_bottom max=+0.3375/0.2445 |offset| max=0.0566(L0.087/R0.101) JUMP=0
[jump-debug] stage=READY 検出=30f rise_y max=+0.0659/0.0554 rise_bottom max=+0.3375/0.2445 |offset| max=0.0563(L0.087/R0.101) JUMP=0
[jump-debug] stage=READY 検出=31f rise_y max=+0.0659/0.0554 rise_bottom max=+0.3375/0.2445 |offset| max=0.0561(L0.087/R0.101) JUMP=0
[jump-debug] stage=READY 検出=31f rise_y max=+0.0661/0.0554 rise_bottom max=+0.3375/0.2445 |offset| max=0.0561(L0.087/R0.101) JUMP=0
[jump-debug] stage=READY 検出=31f rise_y max=+0.0662/0.0554 rise_bottom max=+0.3375/0.2445 |offset| max=0.0565(L0.087/R0.101) JUMP=0
[jump-debug] stage=READY 検出=31f rise_y max=+0.0661/0.0554 rise_bottom max=+0.3375/0.2445 |offset| max=0.0564(L0.087/R0.101) JUMP=0
[jump-debug] stage=READY 検出=31f rise_y max=+0.0657/0.0554 rise_bottom max=+0.3375/0.2445 |offset| max=0.0569(L0.087/R0.101) JUMP=0
[jump-debug] stage=READY 検出=31f rise_y max=+0.0664/0.0554 rise_bottom max=+0.3375/0.2445 |offset| max=0.0562(L0.087/R0.101) JUMP=0
[jump-debug] stage=READY 検出=31f rise_y max=+0.0662/0.0554 rise_bottom max=+0.3375/0.2445 |offset| max=0.0673(L0.087/R0.101) JUMP=0
[jump-debug] stage=READY 検出=31f rise_y max=+0.0662/0.0554 rise_bottom max=+0.3375/0.2445 |offset| max=0.0675(L0.087/R0.101) JUMP=0
[jump-debug] stage=READY 検出=31f rise_y max=+0.0663/0.0554 rise_bottom max=+0.3375/0.2445 |offset| max=0.0671(L0.087/R0.101) JUMP=0
[jump-debug] stage=READY 検出=31f rise_y max=+0.0660/0.0554 rise_bottom max=+0.3375/0.2445 |offset| max=0.0670(L0.087/R0.101) JUMP=0
[jump-debug] stage=READY 検出=31f rise_y max=+0.0660/0.0554 rise_bottom max=+0.3375/0.2445 |offset| max=0.0673(L0.087/R0.101) JUMP=0
[jump-debug] stage=READY 検出=31f rise_y max=+0.0659/0.0554 rise_bottom max=+0.3375/0.2445 |offset| max=0.0672(L0.087/R0.101) JUMP=0
[jump-debug] stage=READY 検出=31f rise_y max=+0.0659/0.0554 rise_bottom max=+0.3375/0.2445 |offset| max=0.0671(L0.087/R0.101) JUMP=0
[jump-debug] stage=READY 検出=31f rise_y max=+0.0659/0.0554 rise_bottom max=+0.3375/0.2445 |offset| max=0.0675(L0.087/R0.101) JUMP=0
[jump-debug] stage=READY 検出=31f rise_y max=+0.0658/0.0554 rise_bottom max=+0.3375/0.2445 |offset| max=0.0567(L0.087/R0.101) JUMP=0
[jump-debug] stage=READY 検出=31f rise_y max=+0.0661/0.0554 rise_bottom max=+0.3375/0.2445 |offset| max=0.0563(L0.087/R0.101) JUMP=0
[jump-debug] stage=READY 検出=31f rise_y max=+0.0670/0.0554 rise_bottom max=+0.3375/0.2445 |offset| max=0.0564(L0.087/R0.101) JUMP=0
[jump-debug] stage=READY 検出=31f rise_y max=+0.0666/0.0554 rise_bottom max=+0.3375/0.2445 |offset| max=0.0563(L0.087/R0.101) JUMP=0
[jump-debug] stage=READY 検出=31f rise_y max=+0.0660/0.0554 rise_bottom max=+0.3375/0.2445 |offset| max=0.0564(L0.087/R0.101) JUMP=0
[jump-debug] stage=READY 検出=31f rise_y max=+0.0662/0.0554 rise_bottom max=+0.3375/0.2445 |offset| max=0.0673(L0.087/R0.101) JUMP=0
[jump-debug] stage=READY 検出=31f rise_y max=+0.0659/0.0554 rise_bottom max=+0.3375/0.2445 |offset| max=0.0668(L0.087/R0.101) JUMP=0
[jump-debug] stage=READY 検出=31f rise_y max=+0.0660/0.0554 rise_bottom max=+0.3375/0.2445 |offset| max=0.0678(L0.087/R0.101) JUMP=0
[jump-debug] stage=READY 検出=30f rise_y max=+0.0659/0.0554 rise_bottom max=+0.3375/0.2445 |offset| max=0.0680(L0.087/R0.101) JUMP=0
[jump-debug] stage=READY 検出=31f rise_y max=+0.0660/0.0554 rise_bottom max=+0.3375/0.2445 |offset| max=0.0567(L0.087/R0.101) JUMP=0
[jump-debug] stage=READY 検出=31f rise_y max=+0.0662/0.0554 rise_bottom max=+0.3375/0.2445 |offset| max=0.0569(L0.087/R0.101) JUMP=0
[jump-debug] stage=READY 検出=31f rise_y max=+0.0661/0.0554 rise_bottom max=+0.3375/0.2445 |offset| max=0.0564(L0.087/R0.101) JUMP=0
[jump-debug] stage=READY 検出=31f rise_y max=+0.0660/0.0554 rise_bottom max=+0.3375/0.2445 |offset| max=0.0670(L0.087/R0.101) JUMP=0
[jump-debug] stage=READY 検出=31f rise_y max=+0.0660/0.0554 rise_bottom max=+0.3375/0.2445 |offset| max=0.0673(L0.087/R0.101) JUMP=0
[jump-debug] stage=READY 検出=31f rise_y max=+0.0662/0.0554 rise_bottom max=+0.3375/0.2445 |offset| max=0.0673(L0.087/R0.101) JUMP=0
[jump-debug] stage=READY 検出=31f rise_y max=+0.0667/0.0554 rise_bottom max=+0.3375/0.2445 |offset| max=0.0677(L0.087/R0.101) JUMP=0
[jump-debug] stage=READY 検出=31f rise_y max=+0.0662/0.0554 rise_bottom max=+0.3375/0.2445 |offset| max=0.0564(L0.087/R0.101) JUMP=0
[jump-debug] stage=READY 検出=31f rise_y max=+0.0664/0.0554 rise_bottom max=+0.3375/0.2445 |offset| max=0.0566(L0.087/R0.101) JUMP=0
[jump-debug] stage=READY 検出=31f rise_y max=+0.0660/0.0554 rise_bottom max=+0.3375/0.2445 |offset| max=0.0568(L0.087/R0.101) JUMP=0
[jump-debug] stage=READY 検出=31f rise_y max=+0.0667/0.0554 rise_bottom max=+0.3375/0.2445 |offset| max=0.0564(L0.087/R0.101) JUMP=0
[jump-debug] stage=READY 検出=31f rise_y max=+0.0744/0.0554 rise_bottom max=+0.3375/0.2445 |offset| max=0.0561(L0.087/R0.101) JUMP=0
[jump-debug] stage=READY 検出=30f rise_y max=+0.0663/0.0554 rise_bottom max=+0.3375/0.2445 |offset| max=0.0675(L0.087/R0.101) JUMP=0
[jump-debug] stage=READY 検出=31f rise_y max=+0.0667/0.0554 rise_bottom max=+0.3375/0.2445 |offset| max=0.0677(L0.087/R0.101) JUMP=0
[jump-debug] stage=READY 検出=31f rise_y max=+0.0666/0.0554 rise_bottom max=+0.3375/0.2445 |offset| max=0.0673(L0.087/R0.101) JUMP=0
[jump-debug] stage=READY 検出=31f rise_y max=+0.0666/0.0554 rise_bottom max=+0.3375/0.2445 |offset| max=0.0672(L0.087/R0.101) JUMP=0
[jump-debug] stage=READY 検出=31f rise_y max=+0.0662/0.0554 rise_bottom max=+0.3375/0.2445 |offset| max=0.0561(L0.087/R0.101) JUMP=0
[jump-debug] stage=READY 検出=31f rise_y max=+0.0664/0.0554 rise_bottom max=+0.3375/0.2445 |offset| max=0.0562(L0.087/R0.101) JUMP=0
[jump-debug] stage=READY 検出=31f rise_y max=+0.0665/0.0554 rise_bottom max=+0.3375/0.2445 |offset| max=0.0563(L0.087/R0.101) JUMP=0
[jump-debug] stage=READY 検出=31f rise_y max=+0.0666/0.0554 rise_bottom max=+0.3375/0.2445 |offset| max=0.0565(L0.087/R0.101) JUMP=0
[jump-debug] stage=READY 検出=31f rise_y max=+0.0661/0.0554 rise_bottom max=+0.3375/0.2445 |offset| max=0.0563(L0.087/R0.101) JUMP=0
[jump-debug] stage=READY 検出=31f rise_y max=+0.0666/0.0554 rise_bottom max=+0.3375/0.2445 |offset| max=0.0563(L0.087/R0.101) JUMP=0
[jump-debug] stage=READY 検出=31f rise_y max=+0.0664/0.0554 rise_bottom max=+0.3375/0.2445 |offset| max=0.0563(L0.087/R0.101) JUMP=0
[jump-debug] stage=READY 検出=31f rise_y max=+0.0659/0.0554 rise_bottom max=+0.3375/0.2445 |offset| max=0.0565(L0.087/R0.101) JUMP=0
[jump-debug] stage=READY 検出=31f rise_y max=+0.0666/0.0554 rise_bottom max=+0.3375/0.2445 |offset| max=0.0563(L0.087/R0.101) JUMP=0
[jump-debug] stage=READY 検出=31f rise_y max=+0.0662/0.0554 rise_bottom max=+0.3375/0.2445 |offset| max=0.0563(L0.087/R0.101) JUMP=0
[jump-debug] stage=READY 検出=31f rise_y max=+0.0665/0.0554 rise_bottom max=+0.3375/0.2445 |offset| max=0.0562(L0.087/R0.101) JUMP=0
[jump-debug] stage=READY 検出=31f rise_y max=+0.0664/0.0554 rise_bottom max=+0.3375/0.2445 |offset| max=0.0561(L0.087/R0.101) JUMP=0
[jump-debug] stage=READY 検出=31f rise_y max=+0.0662/0.0554 rise_bottom max=+0.3375/0.2445 |offset| max=0.0563(L0.087/R0.101) JUMP=0
[jump-debug] stage=READY 検出=31f rise_y max=+0.0669/0.0554 rise_bottom max=+0.3375/0.2445 |offset| max=0.0562(L0.087/R0.101) JUMP=0
[jump-debug] stage=READY 検出=31f rise_y max=+0.0661/0.0554 rise_bottom max=+0.3375/0.2445 |offset| max=0.0671(L0.087/R0.101) JUMP=0
[jump-debug] stage=READY 検出=31f rise_y max=+0.0661/0.0554 rise_bottom max=+0.3375/0.2445 |offset| max=0.0668(L0.087/R0.101) JUMP=0
[jump-debug] stage=READY 検出=31f rise_y max=+0.0665/0.0554 rise_bottom max=+0.3375/0.2445 |offset| max=0.0673(L0.087/R0.101) JUMP=0
[jump-debug] stage=READY 検出=31f rise_y max=+0.0658/0.0554 rise_bottom max=+0.3375/0.2445 |offset| max=0.0675(L0.087/R0.101) JUMP=0
[jump-debug] stage=READY 検出=30f rise_y max=+0.0660/0.0554 rise_bottom max=+0.3375/0.2445 |offset| max=0.0562(L0.087/R0.101) JUMP=0
[jump-debug] stage=READY 検出=31f rise_y max=+0.0659/0.0554 rise_bottom max=+0.3375/0.2445 |offset| max=0.0563(L0.087/R0.101) JUMP=0
[jump-debug] stage=READY 検出=31f rise_y max=+0.0658/0.0554 rise_bottom max=+0.3375/0.2445 |offset| max=0.0568(L0.087/R0.101) JUMP=0
[jump-debug] stage=READY 検出=31f rise_y max=+0.0658/0.0554 rise_bottom max=+0.3375/0.2445 |offset| max=0.0674(L0.087/R0.101) JUMP=0
[jump-debug] stage=READY 検出=31f rise_y max=+0.0659/0.0554 rise_bottom max=+0.3375/0.2445 |offset| max=0.0664(L0.087/R0.101) JUMP=0
[jump-debug] stage=READY 検出=31f rise_y max=+0.0657/0.0554 rise_bottom max=+0.3375/0.2445 |offset| max=0.0680(L0.087/R0.101) JUMP=0
[jump-debug] stage=READY 検出=31f rise_y max=+0.0632/0.0554 rise_bottom max=+0.3375/0.2445 |offset| max=0.0688(L0.087/R0.101) JUMP=0
[jump-debug] stage=READY 検出=31f rise_y max=+0.0583/0.0554 rise_bottom max=+0.3094/0.2445 |offset| max=0.2358(L0.087/R0.101) JUMP=0
[jump-debug] stage=READY 検出=31f rise_y max=-0.0633/0.0554 rise_bottom max=+0.2219/0.2445 |offset| max=0.1939(L0.087/R0.101) JUMP=0
[jump-debug] stage=READY 検出=31f rise_y max=-0.1117/0.0554 rise_bottom max=-0.0156/0.2445 |offset| max=0.0889(L0.087/R0.101) JUMP=0
[jump-debug] stage=READY 検出=31f rise_y max=-0.0768/0.0554 rise_bottom max=+0.2781/0.2445 |offset| max=0.2953(L0.087/R0.101) JUMP=0
[jump-debug] stage=READY 検出=31f rise_y max=-0.0065/0.0554 rise_bottom max=+0.2656/0.2445 |offset| max=0.2935(L0.087/R0.101) JUMP=0
[jump-debug] stage=READY 検出=31f rise_y max=-0.0324/0.0554 rise_bottom max=+0.0344/0.2445 |offset| max=0.1436(L0.087/R0.101) JUMP=0
[jump-debug] stage=READY 検出=31f rise_y max=-0.0111/0.0554 rise_bottom max=+0.2656/0.2445 |offset| max=0.2954(L0.087/R0.101) JUMP=0
[jump-debug] stage=READY 検出=31f rise_y max=-0.0789/0.0554 rise_bottom max=+0.2781/0.2445 |offset| max=0.2734(L0.087/R0.101) JUMP=0
[jump-debug] stage=READY 検出=31f rise_y max=+0.0588/0.0554 rise_bottom max=+0.3125/0.2445 |offset| max=0.2419(L0.087/R0.101) JUMP=1
[jump-debug] stage=READY 検出=31f rise_y max=+0.0630/0.0554 rise_bottom max=+0.3156/0.2445 |offset| max=0.0641(L0.087/R0.101) JUMP=0
[jump-debug] stage=READY 検出=31f rise_y max=+0.0622/0.0554 rise_bottom max=+0.3375/0.2445 |offset| max=0.0729(L0.087/R0.101) JUMP=0
[jump-debug] stage=READY 検出=31f rise_y max=+0.0629/0.0554 rise_bottom max=+0.3375/0.2445 |offset| max=0.0677(L0.087/R0.101) JUMP=0
[jump-debug] stage=READY 検出=30f rise_y max=+0.0629/0.0554 rise_bottom max=+0.3156/0.2445 |offset| max=0.0683(L0.087/R0.101) JUMP=0
[jump-debug] stage=READY 検出=31f rise_y max=+0.0656/0.0554 rise_bottom max=+0.3375/0.2445 |offset| max=0.0676(L0.087/R0.101) JUMP=0
[jump-debug] stage=READY 検出=31f rise_y max=+0.0652/0.0554 rise_bottom max=+0.3375/0.2445 |offset| max=0.0679(L0.087/R0.101) JUMP=0
[jump-debug] stage=READY 検出=31f rise_y max=+0.0631/0.0554 rise_bottom max=+0.3375/0.2445 |offset| max=0.0682(L0.087/R0.101) JUMP=0
[jump-debug] stage=READY 検出=31f rise_y max=+0.0646/0.0554 rise_bottom max=+0.3375/0.2445 |offset| max=0.0685(L0.087/R0.101) JUMP=0
[jump-debug] stage=READY 検出=31f rise_y max=+0.0653/0.0554 rise_bottom max=+0.3375/0.2445 |offset| max=0.0685(L0.087/R0.101) JUMP=0
[jump-debug] stage=READY 検出=31f rise_y max=+0.0662/0.0554 rise_bottom max=+0.3375/0.2445 |offset| max=0.0670(L0.087/R0.101) JUMP=0
[jump-debug] stage=READY 検出=31f rise_y max=+0.0659/0.0554 rise_bottom max=+0.3375/0.2445 |offset| max=0.0572(L0.087/R0.101) JUMP=0
[jump-debug] stage=READY 検出=31f rise_y max=+0.0663/0.0554 rise_bottom max=+0.3375/0.2445 |offset| max=0.0675(L0.087/R0.101) JUMP=0
[jump-debug] stage=READY 検出=31f rise_y max=+0.0658/0.0554 rise_bottom max=+0.3375/0.2445 |offset| max=0.0683(L0.087/R0.101) JUMP=0
[jump-debug] stage=READY 検出=31f rise_y max=+0.0657/0.0554 rise_bottom max=+0.3375/0.2445 |offset| max=0.0679(L0.087/R0.101) JUMP=0
[jump-debug] stage=READY 検出=31f rise_y max=+0.0616/0.0554 rise_bottom max=+0.3375/0.2445 |offset| max=0.0685(L0.087/R0.101) JUMP=0
[jump-debug] stage=READY 検出=30f rise_y max=+0.0620/0.0554 rise_bottom max=+0.3375/0.2445 |offset| max=0.0681(L0.087/R0.101) JUMP=0
[jump-debug] stage=READY 検出=31f rise_y max=+0.0658/0.0554 rise_bottom max=+0.3375/0.2445 |offset| max=0.0677(L0.087/R0.101) JUMP=0
[jump-debug] stage=READY 検出=31f rise_y max=+0.0660/0.0554 rise_bottom max=+0.3375/0.2445 |offset| max=0.0671(L0.087/R0.101) JUMP=0
[jump-debug] stage=READY 検出=31f rise_y max=+0.0660/0.0554 rise_bottom max=+0.3375/0.2445 |offset| max=0.0675(L0.087/R0.101) JUMP=0
[jump-debug] stage=READY 検出=31f rise_y max=+0.0659/0.0554 rise_bottom max=+0.3375/0.2445 |offset| max=0.0678(L0.087/R0.101) JUMP=0
[jump-debug] stage=READY 検出=31f rise_y max=+0.0656/0.0554 rise_bottom max=+0.3375/0.2445 |offset| max=0.0681(L0.087/R0.101) JUMP=0
[jump-debug] stage=READY 検出=31f rise_y max=+0.0632/0.0554 rise_bottom max=+0.3375/0.2445 |offset| max=0.0683(L0.087/R0.101) JUMP=0
[jump-debug] stage=READY 検出=31f rise_y max=+0.0660/0.0554 rise_bottom max=+0.3375/0.2445 |offset| max=0.0679(L0.087/R0.101) JUMP=0
[jump-debug] stage=READY 検出=31f rise_y max=+0.0657/0.0554 rise_bottom max=+0.3375/0.2445 |offset| max=0.0676(L0.087/R0.101) JUMP=0
[jump-debug] stage=READY 検出=31f rise_y max=+0.0657/0.0554 rise_bottom max=+0.3375/0.2445 |offset| max=0.0669(L0.087/R0.101) JUMP=0
[jump-debug] stage=READY 検出=31f rise_y max=+0.0657/0.0554 rise_bottom max=+0.3375/0.2445 |offset| max=0.0674(L0.087/R0.101) JUMP=0
[jump-debug] stage=READY 検出=31f rise_y max=+0.0656/0.0554 rise_bottom max=+0.3375/0.2445 |offset| max=0.0668(L0.087/R0.101) JUMP=0
[jump-debug] stage=READY 検出=31f rise_y max=+0.0664/0.0554 rise_bottom max=+0.3375/0.2445 |offset| max=0.0666(L0.087/R0.101) JUMP=0
[jump-debug] stage=READY 検出=31f rise_y max=+0.0653/0.0554 rise_bottom max=+0.3375/0.2445 |offset| max=0.0671(L0.087/R0.101) JUMP=0
[jump-debug] stage=READY 検出=31f rise_y max=+0.0627/0.0554 rise_bottom max=+0.3375/0.2445 |offset| max=0.0670(L0.087/R0.101) JUMP=0
[jump-debug] stage=READY 検出=31f rise_y max=+0.0660/0.0554 rise_bottom max=+0.3375/0.2445 |offset| max=0.0675(L0.087/R0.101) JUMP=0
[jump-debug] stage=READY 検出=31f rise_y max=+0.0682/0.0554 rise_bottom max=+0.3438/0.2445 |offset| max=0.0561(L0.087/R0.101) JUMP=0
[jump-debug] stage=READY 検出=31f rise_y max=+0.1785/0.0554 rise_bottom max=+0.4594/0.2445 |offset| max=0.5118(L0.087/R0.101) JUMP=1
[jump-debug] stage=READY 検出=31f rise_y max=+0.1035/0.0554 rise_bottom max=+0.4594/0.2445 |offset| max=0.5039(L0.087/R0.101) JUMP=0
[jump-debug] stage=READY 検出=31f rise_y max=+0.1041/0.0554 rise_bottom max=+0.4594/0.2445 |offset| max=0.5052(L0.087/R0.101) JUMP=0
[jump-debug] stage=READY 検出=31f rise_y max=+0.1050/0.0554 rise_bottom max=+0.4594/0.2445 |offset| max=0.5073(L0.087/R0.101) JUMP=0
[jump-debug] stage=READY 検出=31f rise_y max=+0.0953/0.0554 rise_bottom max=+0.4406/0.2445 |offset| max=0.5056(L0.087/R0.101) JUMP=0
[jump-debug] stage=READY 検出=31f rise_y max=+0.2126/0.0554 rise_bottom max=+0.4594/0.2445 |offset| max=0.3846(L0.087/R0.101) JUMP=2
[jump-debug] stage=READY 検出=31f rise_y max=-0.0328/0.0554 rise_bottom max=+0.0750/0.2445 |offset| max=0.3857(L0.087/R0.101) JUMP=0
[jump-debug] stage=READY 検出=31f rise_y max=-0.0113/0.0554 rise_bottom max=+0.0969/0.2445 |offset| max=0.3802(L0.087/R0.101) JUMP=0
[jump-debug] stage=READY 検出=31f rise_y max=-0.0098/0.0554 rise_bottom max=+0.1000/0.2445 |offset| max=0.1858(L0.087/R0.101) JUMP=0
[jump-debug] stage=READY 検出=31f rise_y max=-0.0164/0.0554 rise_bottom max=+0.1000/0.2445 |offset| max=0.1353(L0.087/R0.101) JUMP=0
[jump-debug] stage=READY 検出=31f rise_y max=+0.0060/0.0554 rise_bottom max=+0.1000/0.2445 |offset| max=0.2034(L0.087/R0.101) JUMP=0
[jump-debug] stage=READY 検出=30f rise_y max=+0.0064/0.0554 rise_bottom max=+0.1000/0.2445 |offset| max=0.2010(L0.087/R0.101) JUMP=0
[jump-debug] stage=READY 検出=31f rise_y max=-0.0167/0.0554 rise_bottom max=+0.1000/0.2445 |offset| max=0.1311(L0.087/R0.101) JUMP=0
[jump-debug] stage=READY 検出=30f rise_y max=-0.0183/0.0554 rise_bottom max=+0.1031/0.2445 |offset| max=0.1563(L0.087/R0.101) JUMP=0
[jump-debug] stage=READY 検出=31f rise_y max=-0.0264/0.0554 rise_bottom max=+0.0969/0.2445 |offset| max=0.3365(L0.087/R0.101) JUMP=0
[jump-debug] stage=READY 検出=31f rise_y max=-0.0373/0.0554 rise_bottom max=+0.0969/0.2445 |offset| max=0.3874(L0.087/R0.101) JUMP=0
[jump-debug] stage=READY 検出=31f rise_y max=-0.0472/0.0554 rise_bottom max=-0.0875/0.2445 |offset| max=0.3390(L0.087/R0.101) JUMP=0
[jump-debug] stage=READY 検出=30f rise_y max=-0.0400/0.0554 rise_bottom max=+0.0969/0.2445 |offset| max=0.3379(L0.087/R0.101) JUMP=0
[jump-debug] stage=READY 検出=31f rise_y max=-0.0316/0.0554 rise_bottom max=+0.0688/0.2445 |offset| max=0.3394(L0.087/R0.101) JUMP=0
[jump-debug] stage=READY 検出=31f rise_y max=-0.0317/0.0554 rise_bottom max=+0.0969/0.2445 |offset| max=0.3426(L0.087/R0.101) JUMP=0
[jump-debug] stage=READY 検出=31f rise_y max=-0.0270/0.0554 rise_bottom max=+0.0969/0.2445 |offset| max=0.3322(L0.087/R0.101) JUMP=0
[jump-debug] stage=READY 検出=31f rise_y max=-0.0280/0.0554 rise_bottom max=+0.0969/0.2445 |offset| max=0.3220(L0.087/R0.101) JUMP=0
[jump-debug] stage=READY 検出=31f rise_y max=-0.0347/0.0554 rise_bottom max=+0.0969/0.2445 |offset| max=0.3300(L0.087/R0.101) JUMP=0
[jump-debug] stage=READY 検出=30f rise_y max=-0.0365/0.0554 rise_bottom max=+0.0969/0.2445 |offset| max=0.3283(L0.087/R0.101) JUMP=0
[jump-debug] stage=READY 検出=31f rise_y max=-0.0307/0.0554 rise_bottom max=+0.0969/0.2445 |offset| max=0.3408(L0.087/R0.101) JUMP=0
[jump-debug] stage=READY 検出=30f rise_y max=+0.0018/0.0554 rise_bottom max=+0.1313/0.2445 |offset| max=0.5031(L0.087/R0.101) JUMP=0
[jump-debug] stage=READY 検出=30f rise_y max=+0.0763/0.0554 rise_bottom max=+0.3438/0.2445 |offset| max=0.5031(L0.087/R0.101) JUMP=1
[jump-debug] stage=READY 検出=31f rise_y max=+0.0751/0.0554 rise_bottom max=+0.3375/0.2445 |offset| max=0.0561(L0.087/R0.101) JUMP=0
[jump-debug] stage=READY 検出=31f rise_y max=+0.0665/0.0554 rise_bottom max=+0.3375/0.2445 |offset| max=0.0687(L0.087/R0.101) JUMP=0
[jump-debug] stage=READY 検出=31f rise_y max=+0.0750/0.0554 rise_bottom max=+0.3438/0.2445 |offset| max=0.0565(L0.087/R0.101) JUMP=0
[jump-debug] stage=READY 検出=31f rise_y max=+0.0660/0.0554 rise_bottom max=+0.3375/0.2445 |offset| max=0.0671(L0.087/R0.101) JUMP=0
[jump-debug] stage=READY 検出=31f rise_y max=+0.0665/0.0554 rise_bottom max=+0.3375/0.2445 |offset| max=0.0674(L0.087/R0.101) JUMP=0
[jump-debug] stage=READY 検出=31f rise_y max=+0.0669/0.0554 rise_bottom max=+0.3375/0.2445 |offset| max=0.0674(L0.087/R0.101) JUMP=0
[jump-debug] stage=READY 検出=31f rise_y max=+0.0664/0.0554 rise_bottom max=+0.3375/0.2445 |offset| max=0.0674(L0.087/R0.101) JUMP=0
[jump-debug] stage=READY 検出=31f rise_y max=+0.0666/0.0554 rise_bottom max=+0.3375/0.2445 |offset| max=0.0671(L0.087/R0.101) JUMP=0
[jump-debug] stage=READY 検出=31f rise_y max=+0.0664/0.0554 rise_bottom max=+0.3375/0.2445 |offset| max=0.0671(L0.087/R0.101) JUMP=0
[jump-debug] stage=READY 検出=31f rise_y max=+0.0660/0.0554 rise_bottom max=+0.3375/0.2445 |offset| max=0.0671(L0.087/R0.101) JUMP=0
[jump-debug] stage=READY 検出=31f rise_y max=+0.0663/0.0554 rise_bottom max=+0.3375/0.2445 |offset| max=0.0567(L0.087/R0.101) JUMP=0
[jump-debug] stage=READY 検出=31f rise_y max=+0.0660/0.0554 rise_bottom max=+0.3375/0.2445 |offset| max=0.0672(L0.087/R0.101) JUMP=0
[jump-debug] stage=READY 検出=30f rise_y max=+0.0660/0.0554 rise_bottom max=+0.3375/0.2445 |offset| max=0.0683(L0.087/R0.101) JUMP=0
[jump-debug] stage=READY 検出=31f rise_y max=+0.0662/0.0554 rise_bottom max=+0.3375/0.2445 |offset| max=0.0678(L0.087/R0.101) JUMP=0
[jump-debug] stage=READY 検出=31f rise_y max=+0.0666/0.0554 rise_bottom max=+0.3375/0.2445 |offset| max=0.0671(L0.087/R0.101) JUMP=0
[jump-debug] stage=READY 検出=31f rise_y max=+0.0670/0.0554 rise_bottom max=+0.3375/0.2445 |offset| max=0.0668(L0.087/R0.101) JUMP=0
[jump-debug] stage=READY 検出=31f rise_y max=+0.0664/0.0554 rise_bottom max=+0.3375/0.2445 |offset| max=0.0667(L0.087/R0.101) JUMP=0
[jump-debug] stage=READY 検出=31f rise_y max=+0.0666/0.0554 rise_bottom max=+0.3375/0.2445 |offset| max=0.0670(L0.087/R0.101) JUMP=0
[jump-debug] stage=READY 検出=31f rise_y max=+0.0665/0.0554 rise_bottom max=+0.3375/0.2445 |offset| max=0.0675(L0.087/R0.101) JUMP=0
[jump-debug] stage=READY 検出=31f rise_y max=+0.0664/0.0554 rise_bottom max=+0.3375/0.2445 |offset| max=0.0672(L0.087/R0.101) JUMP=0
[jump-debug] stage=READY 検出=31f rise_y max=+0.0661/0.0554 rise_bottom max=+0.3375/0.2445 |offset| max=0.0675(L0.087/R0.101) JUMP=0
[jump-debug] stage=READY 検出=31f rise_y max=+0.0627/0.0554 rise_bottom max=+0.3375/0.2445 |offset| max=0.0675(L0.087/R0.101) JUMP=0
[jump-debug] stage=READY 検出=31f rise_y max=+0.0636/0.0554 rise_bottom max=+0.3375/0.2445 |offset| max=0.0678(L0.087/R0.101) JUMP=0
[jump-debug] stage=READY 検出=31f rise_y max=+0.0665/0.0554 rise_bottom max=+0.3375/0.2445 |offset| max=0.0675(L0.087/R0.101) JUMP=0
[jump-debug] stage=READY 検出=31f rise_y max=+0.0668/0.0554 rise_bottom max=+0.3375/0.2445 |offset| max=0.0680(L0.087/R0.101) JUMP=0
[jump-debug] stage=READY 検出=31f rise_y max=+0.0678/0.0554 rise_bottom max=+0.3375/0.2445 |offset| max=0.0676(L0.087/R0.101) JUMP=0
[jump-debug] stage=READY 検出=31f rise_y max=+0.0653/0.0554 rise_bottom max=+0.3375/0.2445 |offset| max=0.0675(L0.087/R0.101) JUMP=0
[jump-debug] stage=READY 検出=30f rise_y max=+0.0677/0.0554 rise_bottom max=+0.3375/0.2445 |offset| max=0.0677(L0.087/R0.101) JUMP=0
[jump-debug] stage=READY 検出=31f rise_y max=+0.0677/0.0554 rise_bottom max=+0.3375/0.2445 |offset| max=0.0667(L0.087/R0.101) JUMP=0
[jump-debug] stage=READY 検出=31f rise_y max=+0.0677/0.0554 rise_bottom max=+0.3375/0.2445 |offset| max=0.0678(L0.087/R0.101) JUMP=0
[jump-debug] stage=READY 検出=31f rise_y max=+0.0674/0.0554 rise_bottom max=+0.3375/0.2445 |offset| max=0.0680(L0.087/R0.101) JUMP=0
[jump-debug] stage=READY 検出=31f rise_y max=+0.0676/0.0554 rise_bottom max=+0.3375/0.2445 |offset| max=0.0571(L0.087/R0.101) JUMP=0
[jump-debug] stage=READY 検出=31f rise_y max=+0.0676/0.0554 rise_bottom max=+0.3375/0.2445 |offset| max=0.0682(L0.087/R0.101) JUMP=0
[jump-debug] stage=READY 検出=31f rise_y max=+0.0675/0.0554 rise_bottom max=+0.3375/0.2445 |offset| max=0.0679(L0.087/R0.101) JUMP=0
[jump-debug] stage=READY 検出=31f rise_y max=+0.0678/0.0554 rise_bottom max=+0.3375/0.2445 |offset| max=0.0681(L0.087/R0.101) JUMP=0
[jump-debug] stage=READY 検出=31f rise_y max=+0.0675/0.0554 rise_bottom max=+0.3375/0.2445 |offset| max=0.0682(L0.087/R0.101) JUMP=0
[jump-debug] stage=READY 検出=30f rise_y max=+0.0676/0.0554 rise_bottom max=+0.3375/0.2445 |offset| max=0.0681(L0.087/R0.101) JUMP=0
[jump-debug] stage=READY 検出=31f rise_y max=+0.0674/0.0554 rise_bottom max=+0.3375/0.2445 |offset| max=0.0680(L0.087/R0.101) JUMP=0
[jump-debug] stage=READY 検出=31f rise_y max=+0.0675/0.0554 rise_bottom max=+0.3375/0.2445 |offset| max=0.0676(L0.087/R0.101) JUMP=0
[jump-debug] stage=READY 検出=31f rise_y max=+0.0675/0.0554 rise_bottom max=+0.3375/0.2445 |offset| max=0.0679(L0.087/R0.101) JUMP=0
[jump-debug] stage=READY 検出=31f rise_y max=+0.0637/0.0554 rise_bottom max=+0.3375/0.2445 |offset| max=0.0681(L0.087/R0.101) JUMP=0
[jump-debug] stage=READY 検出=30f rise_y max=+0.0637/0.0554 rise_bottom max=+0.3375/0.2445 |offset| max=0.0681(L0.087/R0.101) JUMP=0
[jump-debug] stage=READY 検出=31f rise_y max=+0.0675/0.0554 rise_bottom max=+0.3375/0.2445 |offset| max=0.0682(L0.087/R0.101) JUMP=0
[jump-debug] stage=READY 検出=31f rise_y max=+0.0674/0.0554 rise_bottom max=+0.3375/0.2445 |offset| max=0.0677(L0.087/R0.101) JUMP=0
[jump-debug] stage=READY 検出=31f rise_y max=+0.0664/0.0554 rise_bottom max=+0.3375/0.2445 |offset| max=0.0672(L0.087/R0.101) JUMP=0
[jump-debug] stage=READY 検出=31f rise_y max=+0.0672/0.0554 rise_bottom max=+0.3375/0.2445 |offset| max=0.0685(L0.087/R0.101) JUMP=0
[jump-debug] stage=READY 検出=31f rise_y max=+0.0670/0.0554 rise_bottom max=+0.3375/0.2445 |offset| max=0.0682(L0.087/R0.101) JUMP=0
[jump-debug] stage=READY 検出=31f rise_y max=+0.0677/0.0554 rise_bottom max=+0.3375/0.2445 |offset| max=0.0683(L0.087/R0.101) JUMP=0
[jump-debug] stage=READY 検出=31f rise_y max=+0.0676/0.0554 rise_bottom max=+0.3375/0.2445 |offset| max=0.0679(L0.087/R0.101) JUMP=0
[jump-debug] stage=READY 検出=31f rise_y max=+0.0674/0.0554 rise_bottom max=+0.3375/0.2445 |offset| max=0.0680(L0.087/R0.101) JUMP=0
[jump-debug] stage=READY 検出=31f rise_y max=+0.0671/0.0554 rise_bottom max=+0.3375/0.2445 |offset| max=0.0683(L0.087/R0.101) JUMP=0
[jump-debug] stage=READY 検出=31f rise_y max=+0.0673/0.0554 rise_bottom max=+0.3375/0.2445 |offset| max=0.0675(L0.087/R0.101) JUMP=0
[jump-debug] stage=READY 検出=31f rise_y max=+0.0665/0.0554 rise_bottom max=+0.3375/0.2445 |offset| max=0.0681(L0.087/R0.101) JUMP=0
[jump-debug] stage=READY 検出=31f rise_y max=+0.0675/0.0554 rise_bottom max=+0.3375/0.2445 |offset| max=0.0673(L0.087/R0.101) JUMP=0
[jump-debug] stage=READY 検出=31f rise_y max=+0.0664/0.0554 rise_bottom max=+0.3375/0.2445 |offset| max=0.0680(L0.087/R0.101) JUMP=0
[jump-debug] stage=READY 検出=31f rise_y max=+0.0640/0.0554 rise_bottom max=+0.3375/0.2445 |offset| max=0.0685(L0.087/R0.101) JUMP=0
[jump-debug] stage=READY 検出=31f rise_y max=+0.0634/0.0554 rise_bottom max=+0.3375/0.2445 |offset| max=0.0682(L0.087/R0.101) JUMP=0
[jump-debug] stage=READY 検出=31f rise_y max=+0.0662/0.0554 rise_bottom max=+0.3375/0.2445 |offset| max=0.0679(L0.087/R0.101) JUMP=0
[jump-debug] stage=READY 検出=31f rise_y max=+0.0665/0.0554 rise_bottom max=+0.3375/0.2445 |offset| max=0.0675(L0.087/R0.101) JUMP=0
[jump-debug] stage=READY 検出=31f rise_y max=+0.0661/0.0554 rise_bottom max=+0.3375/0.2445 |offset| max=0.0678(L0.087/R0.101) JUMP=0
[jump-debug] stage=READY 検出=31f rise_y max=+0.0664/0.0554 rise_bottom max=+0.3375/0.2445 |offset| max=0.0671(L0.087/R0.101) JUMP=0
[jump-debug] stage=READY 検出=31f rise_y max=+0.0664/0.0554 rise_bottom max=+0.3375/0.2445 |offset| max=0.0678(L0.087/R0.101) JUMP=0
[jump-debug] stage=READY 検出=31f rise_y max=+0.0660/0.0554 rise_bottom max=+0.3375/0.2445 |offset| max=0.0684(L0.087/R0.101) JUMP=0
[jump-debug] stage=READY 検出=31f rise_y max=+0.0637/0.0554 rise_bottom max=+0.3375/0.2445 |offset| max=0.0688(L0.087/R0.101) JUMP=0
[jump-debug] stage=READY 検出=31f rise_y max=+0.0662/0.0554 rise_bottom max=+0.3375/0.2445 |offset| max=0.0683(L0.087/R0.101) JUMP=0
[jump-debug] stage=READY 検出=31f rise_y max=+0.0634/0.0554 rise_bottom max=+0.3375/0.2445 |offset| max=0.0675(L0.087/R0.101) JUMP=0
[jump-debug] stage=READY 検出=31f rise_y max=+0.0662/0.0554 rise_bottom max=+0.3375/0.2445 |offset| max=0.0685(L0.087/R0.101) JUMP=0
[jump-debug] stage=READY 検出=30f rise_y max=+0.0660/0.0554 rise_bottom max=+0.3375/0.2445 |offset| max=0.0684(L0.087/R0.101) JUMP=0
[jump-debug] stage=READY 検出=31f rise_y max=+0.0669/0.0554 rise_bottom max=+0.3375/0.2445 |offset| max=0.0678(L0.087/R0.101) JUMP=0
[jump-debug] stage=READY 検出=31f rise_y max=+0.0666/0.0554 rise_bottom max=+0.3375/0.2445 |offset| max=0.0683(L0.087/R0.101) JUMP=0
[jump-debug] stage=READY 検出=31f rise_y max=+0.0660/0.0554 rise_bottom max=+0.3375/0.2445 |offset| max=0.0679(L0.087/R0.101) JUMP=0
[jump-debug] stage=READY 検出=31f rise_y max=+0.0666/0.0554 rise_bottom max=+0.3375/0.2445 |offset| max=0.0671(L0.087/R0.101) JUMP=0
[jump-debug] stage=READY 検出=31f rise_y max=+0.0659/0.0554 rise_bottom max=+0.3375/0.2445 |offset| max=0.0683(L0.087/R0.101) JUMP=0
[jump-debug] stage=READY 検出=31f rise_y max=+0.0656/0.0554 rise_bottom max=+0.3375/0.2445 |offset| max=0.0689(L0.087/R0.101) JUMP=0
[jump-debug] stage=READY 検出=31f rise_y max=+0.0620/0.0554 rise_bottom max=+0.3375/0.2445 |offset| max=0.0684(L0.087/R0.101) JUMP=0
[jump-debug] stage=READY 検出=31f rise_y max=+0.0629/0.0554 rise_bottom max=+0.3375/0.2445 |offset| max=0.0688(L0.087/R0.101) JUMP=0
[jump-debug] stage=READY 検出=31f rise_y max=+0.0659/0.0554 rise_bottom max=+0.3375/0.2445 |offset| max=0.0684(L0.087/R0.101) JUMP=0
[jump-debug] stage=READY 検出=31f rise_y max=+0.0658/0.0554 rise_bottom max=+0.3375/0.2445 |offset| max=0.0685(L0.087/R0.101) JUMP=0
[jump-debug] stage=READY 検出=30f rise_y max=+0.0628/0.0554 rise_bottom max=+0.3375/0.2445 |offset| max=0.0682(L0.087/R0.101) JUMP=0
[jump-debug] stage=READY 検出=31f rise_y max=+0.0660/0.0554 rise_bottom max=+0.3375/0.2445 |offset| max=0.0685(L0.087/R0.101) JUMP=0
[jump-debug] stage=READY 検出=31f rise_y max=+0.0659/0.0554 rise_bottom max=+0.3375/0.2445 |offset| max=0.0685(L0.087/R0.101) JUMP=0
[jump-debug] stage=READY 検出=31f rise_y max=+0.0664/0.0554 rise_bottom max=+0.3375/0.2445 |offset| max=0.0675(L0.087/R0.101) JUMP=0
[jump-debug] stage=READY 検出=31f rise_y max=+0.0662/0.0554 rise_bottom max=+0.3375/0.2445 |offset| max=0.0679(L0.087/R0.101) JUMP=0
[jump-debug] stage=READY 検出=31f rise_y max=+0.0658/0.0554 rise_bottom max=+0.3375/0.2445 |offset| max=0.0682(L0.087/R0.101) JUMP=0
[jump-debug] stage=READY 検出=31f rise_y max=+0.0658/0.0554 rise_bottom max=+0.3375/0.2445 |offset| max=0.0682(L0.087/R0.101) JUMP=0
[jump-debug] stage=READY 検出=31f rise_y max=+0.0661/0.0554 rise_bottom max=+0.3375/0.2445 |offset| max=0.0679(L0.087/R0.101) JUMP=0
[jump-debug] stage=READY 検出=31f rise_y max=+0.0667/0.0554 rise_bottom max=+0.3375/0.2445 |offset| max=0.0681(L0.087/R0.101) JUMP=0
[jump-debug] stage=READY 検出=31f rise_y max=+0.0659/0.0554 rise_bottom max=+0.3375/0.2445 |offset| max=0.0682(L0.087/R0.101) JUMP=0
[jump-debug] stage=READY 検出=31f rise_y max=+0.0661/0.0554 rise_bottom max=+0.3375/0.2445 |offset| max=0.0682(L0.087/R0.101) JUMP=0
[jump-debug] stage=READY 検出=30f rise_y max=+0.0664/0.0554 rise_bottom max=+0.3375/0.2445 |offset| max=0.0681(L0.087/R0.101) JUMP=0
[jump-debug] stage=READY 検出=31f rise_y max=+0.0660/0.0554 rise_bottom max=+0.3375/0.2445 |offset| max=0.0681(L0.087/R0.101) JUMP=0
[jump-debug] stage=READY 検出=30f rise_y max=+0.0660/0.0554 rise_bottom max=+0.3375/0.2445 |offset| max=0.0683(L0.087/R0.101) JUMP=0
[jump-debug] stage=READY 検出=31f rise_y max=+0.0665/0.0554 rise_bottom max=+0.3375/0.2445 |offset| max=0.0685(L0.087/R0.101) JUMP=0
[jump-debug] stage=READY 検出=31f rise_y max=+0.0665/0.0554 rise_bottom max=+0.3375/0.2445 |offset| max=0.0688(L0.087/R0.101) JUMP=0
[jump-debug] stage=READY 検出=31f rise_y max=+0.0664/0.0554 rise_bottom max=+0.3375/0.2445 |offset| max=0.0676(L0.087/R0.101) JUMP=0
[jump-debug] stage=READY 検出=31f rise_y max=+0.0655/0.0554 rise_bottom max=+0.3375/0.2445 |offset| max=0.0685(L0.087/R0.101) JUMP=0
[jump-debug] stage=READY 検出=31f rise_y max=+0.0637/0.0554 rise_bottom max=+0.3375/0.2445 |offset| max=0.0686(L0.087/R0.101) JUMP=0
[jump-debug] stage=READY 検出=31f rise_y max=+0.0633/0.0554 rise_bottom max=+0.3375/0.2445 |offset| max=0.0683(L0.087/R0.101) JUMP=0
[jump-debug] stage=READY 検出=31f rise_y max=+0.0658/0.0554 rise_bottom max=+0.3375/0.2445 |offset| max=0.0680(L0.087/R0.101) JUMP=0
[jump-debug] stage=READY 検出=30f rise_y max=+0.0668/0.0554 rise_bottom max=+0.3375/0.2445 |offset| max=0.0685(L0.087/R0.101) JUMP=0
[jump-debug] stage=READY 検出=31f rise_y max=+0.0660/0.0554 rise_bottom max=+0.3375/0.2445 |offset| max=0.0680(L0.087/R0.101) JUMP=0
[jump-debug] stage=READY 検出=31f rise_y max=+0.0663/0.0554 rise_bottom max=+0.3375/0.2445 |offset| max=0.0685(L0.087/R0.101) JUMP=0
[jump-debug] stage=READY 検出=31f rise_y max=+0.0662/0.0554 rise_bottom max=+0.3375/0.2445 |offset| max=0.0683(L0.087/R0.101) JUMP=0
[jump-debug] stage=READY 検出=31f rise_y max=+0.0667/0.0554 rise_bottom max=+0.3375/0.2445 |offset| max=0.0683(L0.087/R0.101) JUMP=0
[jump-debug] stage=READY 検出=31f rise_y max=+0.0660/0.0554 rise_bottom max=+0.3375/0.2445 |offset| max=0.0679(L0.087/R0.101) JUMP=0
[jump-debug] stage=READY 検出=31f rise_y max=+0.0667/0.0554 rise_bottom max=+0.3375/0.2445 |offset| max=0.0684(L0.087/R0.101) JUMP=0
[jump-debug] stage=READY 検出=31f rise_y max=+0.0660/0.0554 rise_bottom max=+0.3375/0.2445 |offset| max=0.0683(L0.087/R0.101) JUMP=0
[jump-debug] stage=READY 検出=31f rise_y max=+0.0664/0.0554 rise_bottom max=+0.3375/0.2445 |offset| max=0.0687(L0.087/R0.101) JUMP=0
[jump-debug] stage=READY 検出=31f rise_y max=+0.0661/0.0554 rise_bottom max=+0.3375/0.2445 |offset| max=0.0686(L0.087/R0.101) JUMP=0
[jump-debug] stage=READY 検出=31f rise_y max=+0.0665/0.0554 rise_bottom max=+0.3375/0.2445 |offset| max=0.0688(L0.087/R0.101) JUMP=0
[jump-debug] stage=READY 検出=31f rise_y max=+0.0623/0.0554 rise_bottom max=+0.3375/0.2445 |offset| max=0.0688(L0.087/R0.101) JUMP=0
[jump-debug] stage=READY 検出=31f rise_y max=+0.0665/0.0554 rise_bottom max=+0.3375/0.2445 |offset| max=0.0683(L0.087/R0.101) JUMP=0
[jump-debug] stage=READY 検出=30f rise_y max=+0.0665/0.0554 rise_bottom max=+0.3375/0.2445 |offset| max=0.0688(L0.087/R0.101) JUMP=0
[jump-debug] stage=READY 検出=31f rise_y max=+0.0640/0.0554 rise_bottom max=+0.3125/0.2445 |offset| max=0.0679(L0.087/R0.101) JUMP=0
[jump-debug] stage=READY 検出=31f rise_y max=+0.0670/0.0554 rise_bottom max=+0.3375/0.2445 |offset| max=0.0685(L0.087/R0.101) JUMP=0
[jump-debug] stage=READY 検出=31f rise_y max=+0.0626/0.0554 rise_bottom max=+0.3094/0.2445 |offset| max=0.0672(L0.087/R0.101) JUMP=0
[jump-debug] stage=READY 検出=31f rise_y max=+0.0639/0.0554 rise_bottom max=+0.3125/0.2445 |offset| max=0.0677(L0.087/R0.101) JUMP=0
[jump-debug] stage=READY 検出=30f rise_y max=+0.0667/0.0554 rise_bottom max=+0.3375/0.2445 |offset| max=0.0677(L0.087/R0.101) JUMP=0
[jump-debug] stage=READY 検出=31f rise_y max=+0.0644/0.0554 rise_bottom max=+0.3125/0.2445 |offset| max=0.0683(L0.087/R0.101) JUMP=0
[jump-debug] stage=READY 検出=31f rise_y max=+0.0663/0.0554 rise_bottom max=+0.3375/0.2445 |offset| max=0.0678(L0.087/R0.101) JUMP=0
[jump-debug] stage=READY 検出=31f rise_y max=+0.0655/0.0554 rise_bottom max=+0.3375/0.2445 |offset| max=0.0671(L0.087/R0.101) JUMP=0
[jump-debug] stage=READY 検出=31f rise_y max=+0.0649/0.0554 rise_bottom max=+0.3375/0.2445 |offset| max=0.0676(L0.087/R0.101) JUMP=0
[jump-debug] stage=READY 検出=31f rise_y max=+0.0657/0.0554 rise_bottom max=+0.3375/0.2445 |offset| max=0.0671(L0.087/R0.101) JUMP=0
[jump-debug] stage=READY 検出=30f rise_y max=+0.0651/0.0554 rise_bottom max=+0.3375/0.2445 |offset| max=0.0677(L0.087/R0.101) JUMP=0
[jump-debug] stage=READY 検出=31f rise_y max=+0.0636/0.0554 rise_bottom max=+0.3375/0.2445 |offset| max=0.0684(L0.087/R0.101) JUMP=0
[jump-debug] stage=READY 検出=31f rise_y max=+0.0619/0.0554 rise_bottom max=+0.3125/0.2445 |offset| max=0.0736(L0.087/R0.101) JUMP=0
[jump-debug] stage=READY 検出=30f rise_y max=+0.0601/0.0554 rise_bottom max=+0.3094/0.2445 |offset| max=0.0766(L0.087/R0.101) JUMP=0
[jump-debug] stage=READY 検出=31f rise_y max=+0.0646/0.0554 rise_bottom max=+0.3125/0.2445 |offset| max=0.0768(L0.087/R0.101) JUMP=0
[jump-debug] stage=READY 検出=31f rise_y max=+0.0680/0.0554 rise_bottom max=+0.3375/0.2445 |offset| max=0.0685(L0.087/R0.101) JUMP=0
[jump-debug] stage=READY 検出=31f rise_y max=+0.0676/0.0554 rise_bottom max=+0.3375/0.2445 |offset| max=0.0678(L0.087/R0.101) JUMP=0
[jump-debug] stage=READY 検出=31f rise_y max=+0.0663/0.0554 rise_bottom max=+0.3375/0.2445 |offset| max=0.0686(L0.087/R0.101) JUMP=0
[jump-debug] stage=READY 検出=31f rise_y max=+0.0649/0.0554 rise_bottom max=+0.3125/0.2445 |offset| max=0.0685(L0.087/R0.101) JUMP=0
[jump-debug] stage=READY 検出=31f rise_y max=+0.0641/0.0554 rise_bottom max=+0.3125/0.2445 |offset| max=0.0686(L0.087/R0.101) JUMP=0
[jump-debug] stage=READY 検出=31f rise_y max=+0.0671/0.0554 rise_bottom max=+0.3375/0.2445 |offset| max=0.0686(L0.087/R0.101) JUMP=0
[jump-debug] stage=READY 検出=31f rise_y max=+0.0666/0.0554 rise_bottom max=+0.3375/0.2445 |offset| max=0.0680(L0.087/R0.101) JUMP=0
[jump-debug] stage=READY 検出=31f rise_y max=+0.0662/0.0554 rise_bottom max=+0.3375/0.2445 |offset| max=0.0685(L0.087/R0.101) JUMP=0
[jump-debug] stage=READY 検出=31f rise_y max=+0.0644/0.0554 rise_bottom max=+0.3125/0.2445 |offset| max=0.0685(L0.087/R0.101) JUMP=0
[jump-debug] stage=READY 検出=31f rise_y max=+0.0641/0.0554 rise_bottom max=+0.3125/0.2445 |offset| max=0.0687(L0.087/R0.101) JUMP=0
[jump-debug] stage=READY 検出=31f rise_y max=+0.0643/0.0554 rise_bottom max=+0.3125/0.2445 |offset| max=0.0731(L0.087/R0.101) JUMP=0
[jump-debug] stage=READY 検出=31f rise_y max=+0.0642/0.0554 rise_bottom max=+0.3094/0.2445 |offset| max=0.0770(L0.087/R0.101) JUMP=0
[jump-debug] stage=READY 検出=31f rise_y max=+0.0653/0.0554 rise_bottom max=+0.3438/0.2445 |offset| max=0.0695(L0.087/R0.101) JUMP=0
[jump-debug] stage=READY 検出=31f rise_y max=+0.0658/0.0554 rise_bottom max=+0.3375/0.2445 |offset| max=0.0671(L0.087/R0.101) JUMP=0
[jump-debug] stage=READY 検出=31f rise_y max=+0.0639/0.0554 rise_bottom max=+0.3125/0.2445 |offset| max=0.0679(L0.087/R0.101) JUMP=0
[jump-debug] stage=READY 検出=31f rise_y max=+0.0639/0.0554 rise_bottom max=+0.3125/0.2445 |offset| max=0.0668(L0.087/R0.101) JUMP=0
[jump-debug] stage=READY 検出=31f rise_y max=+0.0664/0.0554 rise_bottom max=+0.3375/0.2445 |offset| max=0.0669(L0.087/R0.101) JUMP=0
[jump-debug] stage=READY 検出=31f rise_y max=+0.0652/0.0554 rise_bottom max=+0.3375/0.2445 |offset| max=0.0667(L0.087/R0.101) JUMP=0
[jump-debug] stage=READY 検出=31f rise_y max=+0.0630/0.0554 rise_bottom max=+0.3375/0.2445 |offset| max=0.0680(L0.087/R0.101) JUMP=0
[jump-debug] stage=READY 検出=31f rise_y max=+0.0629/0.0554 rise_bottom max=+0.3094/0.2445 |offset| max=0.0687(L0.087/R0.101) JUMP=0
[jump-debug] stage=READY 検出=31f rise_y max=+0.0608/0.0554 rise_bottom max=+0.3125/0.2445 |offset| max=0.0688(L0.087/R0.101) JUMP=0
[jump-debug] stage=READY 検出=31f rise_y max=+0.0670/0.0554 rise_bottom max=+0.3375/0.2445 |offset| max=0.0683(L0.087/R0.101) JUMP=0
[jump-debug] stage=READY 検出=30f rise_y max=+0.0657/0.0554 rise_bottom max=+0.3375/0.2445 |offset| max=0.0681(L0.087/R0.101) JUMP=0
[jump-debug] stage=READY 検出=31f rise_y max=+0.0662/0.0554 rise_bottom max=+0.3375/0.2445 |offset| max=0.0687(L0.087/R0.101) JUMP=0
[jump-debug] stage=READY 検出=31f rise_y max=+0.0637/0.0554 rise_bottom max=+0.3125/0.2445 |offset| max=0.0684(L0.087/R0.101) JUMP=0
[jump-debug] stage=READY 検出=31f rise_y max=+0.0603/0.0554 rise_bottom max=+0.3125/0.2445 |offset| max=0.0686(L0.087/R0.101) JUMP=0
[jump-debug] stage=READY 検出=31f rise_y max=+0.0640/0.0554 rise_bottom max=+0.3125/0.2445 |offset| max=0.0683(L0.087/R0.101) JUMP=0
[jump-debug] stage=READY 検出=31f rise_y max=+0.0644/0.0554 rise_bottom max=+0.3125/0.2445 |offset| max=0.0682(L0.087/R0.101) JUMP=0
[jump-debug] stage=READY 検出=31f rise_y max=+0.0658/0.0554 rise_bottom max=+0.3375/0.2445 |offset| max=0.0683(L0.087/R0.101) JUMP=0
[jump-debug] stage=READY 検出=30f rise_y max=+0.0601/0.0554 rise_bottom max=+0.3094/0.2445 |offset| max=0.0686(L0.087/R0.101) JUMP=0
[jump-debug] stage=READY 検出=31f rise_y max=+0.0603/0.0554 rise_bottom max=+0.3094/0.2445 |offset| max=0.0689(L0.087/R0.101) JUMP=0
[jump-debug] stage=READY 検出=31f rise_y max=+0.0602/0.0554 rise_bottom max=+0.3094/0.2445 |offset| max=0.0685(L0.087/R0.101) JUMP=0
[jump-debug] stage=READY 検出=31f rise_y max=+0.0660/0.0554 rise_bottom max=+0.3375/0.2445 |offset| max=0.0684(L0.087/R0.101) JUMP=0
[jump-debug] stage=READY 検出=31f rise_y max=+0.0658/0.0554 rise_bottom max=+0.3375/0.2445 |offset| max=0.0684(L0.087/R0.101) JUMP=0
[jump-debug] stage=READY 検出=31f rise_y max=+0.0659/0.0554 rise_bottom max=+0.3375/0.2445 |offset| max=0.0680(L0.087/R0.101) JUMP=0
[jump-debug] stage=READY 検出=31f rise_y max=+0.0660/0.0554 rise_bottom max=+0.3375/0.2445 |offset| max=0.0682(L0.087/R0.101) JUMP=0
[jump-debug] stage=READY 検出=31f rise_y max=+0.0657/0.0554 rise_bottom max=+0.3375/0.2445 |offset| max=0.0680(L0.087/R0.101) JUMP=0
[jump-debug] stage=READY 検出=31f rise_y max=+0.0660/0.0554 rise_bottom max=+0.3375/0.2445 |offset| max=0.0682(L0.087/R0.101) JUMP=0
[jump-debug] stage=READY 検出=31f rise_y max=+0.0657/0.0554 rise_bottom max=+0.3375/0.2445 |offset| max=0.0682(L0.087/R0.101) JUMP=0
[jump-debug] stage=READY 検出=31f rise_y max=+0.0615/0.0554 rise_bottom max=+0.3375/0.2445 |offset| max=0.0686(L0.087/R0.101) JUMP=0
[jump-debug] stage=READY 検出=31f rise_y max=+0.0597/0.0554 rise_bottom max=+0.3156/0.2445 |offset| max=0.0682(L0.087/R0.101) JUMP=0
[jump-debug] stage=READY 検出=31f rise_y max=+0.0638/0.0554 rise_bottom max=+0.3156/0.2445 |offset| max=0.0680(L0.087/R0.101) JUMP=0
[jump-debug] stage=READY 検出=31f rise_y max=+0.0658/0.0554 rise_bottom max=+0.3375/0.2445 |offset| max=0.0681(L0.087/R0.101) JUMP=0
[jump-debug] stage=READY 検出=30f rise_y max=+0.0656/0.0554 rise_bottom max=+0.3375/0.2445 |offset| max=0.0679(L0.087/R0.101) JUMP=0
[jump-debug] stage=READY 検出=31f rise_y max=+0.0592/0.0554 rise_bottom max=+0.3156/0.2445 |offset| max=0.0687(L0.087/R0.101) JUMP=0
[jump-debug] stage=READY 検出=31f rise_y max=+0.0597/0.0554 rise_bottom max=+0.3125/0.2445 |offset| max=0.0686(L0.087/R0.101) JUMP=0
[jump-debug] stage=READY 検出=30f rise_y max=+0.0630/0.0554 rise_bottom max=+0.3156/0.2445 |offset| max=0.0684(L0.087/R0.101) JUMP=0
[jump-debug] stage=READY 検出=31f rise_y max=+0.0660/0.0554 rise_bottom max=+0.3375/0.2445 |offset| max=0.0665(L0.087/R0.101) JUMP=0
[jump-debug] stage=READY 検出=31f rise_y max=+0.0659/0.0554 rise_bottom max=+0.3375/0.2445 |offset| max=0.0676(L0.087/R0.101) JUMP=0
[jump-debug] stage=READY 検出=31f rise_y max=+0.0657/0.0554 rise_bottom max=+0.3375/0.2445 |offset| max=0.0684(L0.087/R0.101) JUMP=0
[jump-debug] stage=READY 検出=31f rise_y max=+0.0661/0.0554 rise_bottom max=+0.3375/0.2445 |offset| max=0.0683(L0.087/R0.101) JUMP=0
[jump-debug] stage=READY 検出=31f rise_y max=+0.0662/0.0554 rise_bottom max=+0.3375/0.2445 |offset| max=0.0573(L0.087/R0.101) JUMP=0
[jump-debug] stage=READY 検出=31f rise_y max=+0.0634/0.0554 rise_bottom max=+0.3125/0.2445 |offset| max=0.0735(L0.087/R0.101) JUMP=0
[jump-debug] stage=READY 検出=31f rise_y max=-0.0659/0.0554 rise_bottom max=-0.0281/0.2445 |offset| max=0.0742(L0.087/R0.101) JUMP=0
[jump-debug] stage=READY 検出=30f rise_y max=-0.0623/0.0554 rise_bottom max=-0.0281/0.2445 |offset| max=0.0813(L0.087/R0.101) JUMP=0
[jump-debug] stage=READY 検出=31f rise_y max=-0.0697/0.0554 rise_bottom max=-0.0312/0.2445 |offset| max=0.0713(L0.087/R0.101) JUMP=0
[jump-debug] stage=READY 検出=31f rise_y max=-0.0698/0.0554 rise_bottom max=-0.0281/0.2445 |offset| max=0.0720(L0.087/R0.101) JUMP=0
[jump-debug] stage=READY 検出=31f rise_y max=-0.0586/0.0554 rise_bottom max=-0.0281/0.2445 |offset| max=0.0844(L0.087/R0.101) JUMP=0
[jump-debug] stage=READY 検出=31f rise_y max=-0.0607/0.0554 rise_bottom max=-0.0281/0.2445 |offset| max=0.0815(L0.087/R0.101) JUMP=0
[jump-debug] stage=READY 検出=31f rise_y max=-0.0598/0.0554 rise_bottom max=-0.0281/0.2445 |offset| max=0.0820(L0.087/R0.101) JUMP=0
[jump-debug] stage=READY 検出=31f rise_y max=-0.0621/0.0554 rise_bottom max=-0.0281/0.2445 |offset| max=0.0774(L0.087/R0.101) JUMP=0
[jump-debug] stage=READY 検出=31f rise_y max=-0.0654/0.0554 rise_bottom max=-0.0281/0.2445 |offset| max=0.0731(L0.087/R0.101) JUMP=0
[jump-debug] stage=READY 検出=31f rise_y max=-0.0679/0.0554 rise_bottom max=-0.0281/0.2445 |offset| max=0.0720(L0.087/R0.101) JUMP=0
[jump-debug] stage=READY 検出=31f rise_y max=-0.0648/0.0554 rise_bottom max=-0.0312/0.2445 |offset| max=0.0764(L0.087/R0.101) JUMP=0
[jump-debug] stage=READY 検出=31f rise_y max=-0.0665/0.0554 rise_bottom max=-0.0281/0.2445 |offset| max=0.0745(L0.087/R0.101) JUMP=0
[jump-debug] stage=READY 検出=31f rise_y max=-0.0686/0.0554 rise_bottom max=-0.0281/0.2445 |offset| max=0.0715(L0.087/R0.101) JUMP=0
[jump-debug] stage=READY 検出=31f rise_y max=-0.0752/0.0554 rise_bottom max=-0.0562/0.2445 |offset| max=0.0595(L0.087/R0.101) JUMP=0
[jump-debug] stage=READY 検出=31f rise_y max=-0.0739/0.0554 rise_bottom max=-0.0562/0.2445 |offset| max=0.0659(L0.087/R0.101) JUMP=0
[jump-debug] stage=READY 検出=30f rise_y max=+0.0020/0.0554 rise_bottom max=+0.0219/0.2445 |offset| max=0.1896(L0.087/R0.101) JUMP=0
[jump-debug] stage=READY 検出=31f rise_y max=+0.0023/0.0554 rise_bottom max=+0.0219/0.2445 |offset| max=0.1891(L0.087/R0.101) JUMP=0
[jump-debug] stage=READY 検出=30f rise_y max=+0.0028/0.0554 rise_bottom max=+0.0219/0.2445 |offset| max=0.1892(L0.087/R0.101) JUMP=0
[jump-debug] stage=READY 検出=31f rise_y max=-0.0043/0.0554 rise_bottom max=+0.0219/0.2445 |offset| max=0.1715(L0.087/R0.101) JUMP=0
[jump-debug] stage=READY 検出=31f rise_y max=-0.0042/0.0554 rise_bottom max=+0.0219/0.2445 |offset| max=0.1695(L0.087/R0.101) JUMP=0
[jump-debug] stage=READY 検出=31f rise_y max=+0.0096/0.0554 rise_bottom max=+0.1281/0.2445 |offset| max=0.1922(L0.087/R0.101) JUMP=0
[jump-debug] stage=READY 検出=31f rise_y max=+0.0034/0.0554 rise_bottom max=+0.0219/0.2445 |offset| max=0.1937(L0.087/R0.101) JUMP=0
[jump-debug] stage=READY 検出=31f rise_y max=+0.0030/0.0554 rise_bottom max=+0.0219/0.2445 |offset| max=0.1893(L0.087/R0.101) JUMP=0
[jump-debug] stage=READY 検出=31f rise_y max=+0.0018/0.0554 rise_bottom max=+0.0219/0.2445 |offset| max=0.1861(L0.087/R0.101) JUMP=0
[jump-debug] stage=READY 検出=31f rise_y max=+0.0024/0.0554 rise_bottom max=+0.0219/0.2445 |offset| max=0.1891(L0.087/R0.101) JUMP=0
[jump-debug] stage=READY 検出=31f rise_y max=-0.0026/0.0554 rise_bottom max=+0.0219/0.2445 |offset| max=0.1761(L0.087/R0.101) JUMP=0
[jump-debug] stage=READY 検出=31f rise_y max=-0.0042/0.0554 rise_bottom max=+0.0219/0.2445 |offset| max=0.1739(L0.087/R0.101) JUMP=0
[jump-debug] stage=READY 検出=31f rise_y max=+0.0040/0.0554 rise_bottom max=+0.0219/0.2445 |offset| max=0.1949(L0.087/R0.101) JUMP=0
[jump-debug] stage=READY 検出=31f rise_y max=+0.0012/0.0554 rise_bottom max=+0.0219/0.2445 |offset| max=0.1871(L0.087/R0.101) JUMP=0
[jump-debug] stage=READY 検出=31f rise_y max=+0.0032/0.0554 rise_bottom max=+0.0219/0.2445 |offset| max=0.1913(L0.087/R0.101) JUMP=0
[jump-debug] stage=READY 検出=31f rise_y max=+0.0035/0.0554 rise_bottom max=+0.0219/0.2445 |offset| max=0.1922(L0.087/R0.101) JUMP=0
[jump-debug] stage=READY 検出=31f rise_y max=+0.0032/0.0554 rise_bottom max=+0.0219/0.2445 |offset| max=0.1890(L0.087/R0.101) JUMP=0
[jump-debug] stage=READY 検出=31f rise_y max=+0.0038/0.0554 rise_bottom max=+0.0219/0.2445 |offset| max=0.1943(L0.087/R0.101) JUMP=0
[jump-debug] stage=READY 検出=31f rise_y max=+0.0026/0.0554 rise_bottom max=+0.0219/0.2445 |offset| max=0.1922(L0.087/R0.101) JUMP=0
[jump-debug] stage=READY 検出=31f rise_y max=+0.0015/0.0554 rise_bottom max=+0.0219/0.2445 |offset| max=0.1867(L0.087/R0.101) JUMP=0
[jump-debug] stage=READY 検出=31f rise_y max=+0.0013/0.0554 rise_bottom max=+0.0219/0.2445 |offset| max=0.1865(L0.087/R0.101) JUMP=0
[jump-debug] stage=READY 検出=30f rise_y max=+0.0020/0.0554 rise_bottom max=+0.0219/0.2445 |offset| max=0.1880(L0.087/R0.101) JUMP=0
[jump-debug] stage=READY 検出=31f rise_y max=+0.0025/0.0554 rise_bottom max=+0.0219/0.2445 |offset| max=0.1878(L0.087/R0.101) JUMP=0
[jump-debug] stage=READY 検出=31f rise_y max=+0.0014/0.0554 rise_bottom max=+0.0219/0.2445 |offset| max=0.1880(L0.087/R0.101) JUMP=0
[jump-debug] stage=READY 検出=31f rise_y max=+0.0017/0.0554 rise_bottom max=+0.0219/0.2445 |offset| max=0.1858(L0.087/R0.101) JUMP=0
[jump-debug] stage=READY 検出=31f rise_y max=+0.0007/0.0554 rise_bottom max=+0.0219/0.2445 |offset| max=0.1844(L0.087/R0.101) JUMP=0
[jump-debug] stage=READY 検出=31f rise_y max=-0.0010/0.0554 rise_bottom max=+0.0219/0.2445 |offset| max=0.1817(L0.087/R0.101) JUMP=0
[jump-debug] stage=READY 検出=31f rise_y max=-0.0032/0.0554 rise_bottom max=+0.0219/0.2445 |offset| max=0.1766(L0.087/R0.101) JUMP=0
[jump-debug] stage=READY 検出=31f rise_y max=-0.0042/0.0554 rise_bottom max=+0.0219/0.2445 |offset| max=0.1729(L0.087/R0.101) JUMP=0
[jump-debug] stage=READY 検出=31f rise_y max=-0.0088/0.0554 rise_bottom max=+0.0219/0.2445 |offset| max=0.1628(L0.087/R0.101) JUMP=0
[jump-debug] stage=READY 検出=30f rise_y max=-0.0093/0.0554 rise_bottom max=+0.0219/0.2445 |offset| max=0.1626(L0.087/R0.101) JUMP=0
[jump-debug] stage=READY 検出=31f rise_y max=-0.0129/0.0554 rise_bottom max=+0.0219/0.2445 |offset| max=0.1558(L0.087/R0.101) JUMP=0
[jump-debug] stage=READY 検出=30f rise_y max=-0.0106/0.0554 rise_bottom max=+0.2094/0.2445 |offset| max=0.4077(L0.087/R0.101) JUMP=0
[jump-debug] stage=READY 検出=31f rise_y max=+0.0641/0.0554 rise_bottom max=+0.3375/0.2445 |offset| max=0.4142(L0.087/R0.101) JUMP=1
[jump-debug] stage=READY 検出=31f rise_y max=+0.0646/0.0554 rise_bottom max=+0.3375/0.2445 |offset| max=0.0676(L0.087/R0.101) JUMP=0
[jump-debug] stage=READY 検出=31f rise_y max=+0.0651/0.0554 rise_bottom max=+0.3375/0.2445 |offset| max=0.0678(L0.087/R0.101) JUMP=0
[jump-debug] stage=READY 検出=31f rise_y max=+0.0652/0.0554 rise_bottom max=+0.3375/0.2445 |offset| max=0.0678(L0.087/R0.101) JUMP=0
[jump-debug] stage=READY 検出=31f rise_y max=+0.0648/0.0554 rise_bottom max=+0.3375/0.2445 |offset| max=0.0738(L0.087/R0.101) JUMP=0
[jump-debug] stage=READY 検出=31f rise_y max=+0.0642/0.0554 rise_bottom max=+0.3375/0.2445 |offset| max=0.0679(L0.087/R0.101) JUMP=0
[jump-debug] stage=READY 検出=31f rise_y max=+0.0612/0.0554 rise_bottom max=+0.3094/0.2445 |offset| max=0.0683(L0.087/R0.101) JUMP=0
[jump-debug] stage=READY 検出=31f rise_y max=+0.0564/0.0554 rise_bottom max=+0.3000/0.2445 |offset| max=0.0692(L0.087/R0.101) JUMP=0
[jump-debug] stage=READY 検出=31f rise_y max=+0.0548/0.0554 rise_bottom max=+0.3000/0.2445 |offset| max=0.1593(L0.087/R0.101) JUMP=0
[jump-debug] stage=READY 検出=31f rise_y max=+0.0142/0.0554 rise_bottom max=+0.1094/0.2445 |offset| max=0.3572(L0.087/R0.101) JUMP=0
[jump-debug] stage=READY 検出=31f rise_y max=+0.0689/0.0554 rise_bottom max=+0.4313/0.2445 |offset| max=0.4841(L0.087/R0.101) JUMP=2
[jump-debug] stage=READY 検出=31f rise_y max=+0.0759/0.0554 rise_bottom max=+0.3375/0.2445 |offset| max=0.3294(L0.087/R0.101) JUMP=0
[jump-debug] stage=READY 検出=31f rise_y max=+0.0723/0.0554 rise_bottom max=+0.3375/0.2445 |offset| max=0.0678(L0.087/R0.101) JUMP=0
[jump-debug] stage=READY 検出=31f rise_y max=+0.0726/0.0554 rise_bottom max=+0.3375/0.2445 |offset| max=0.0682(L0.087/R0.101) JUMP=0
[jump-debug] stage=READY 検出=31f rise_y max=+0.0671/0.0554 rise_bottom max=+0.3375/0.2445 |offset| max=0.0682(L0.087/R0.101) JUMP=0
[jump-debug] stage=READY 検出=31f rise_y max=+0.0755/0.0554 rise_bottom max=+0.3375/0.2445 |offset| max=0.0682(L0.087/R0.101) JUMP=0
[jump-debug] stage=READY 検出=31f rise_y max=+0.0679/0.0554 rise_bottom max=+0.3375/0.2445 |offset| max=0.0687(L0.087/R0.101) JUMP=0
[jump-debug] stage=READY 検出=31f rise_y max=+0.0758/0.0554 rise_bottom max=+0.3375/0.2445 |offset| max=0.0684(L0.087/R0.101) JUMP=0
[jump-debug] stage=READY 検出=31f rise_y max=+0.0638/0.0554 rise_bottom max=+0.3375/0.2445 |offset| max=0.0686(L0.087/R0.101) JUMP=0
[jump-debug] stage=READY 検出=31f rise_y max=+0.0633/0.0554 rise_bottom max=+0.3375/0.2445 |offset| max=0.0681(L0.087/R0.101) JUMP=0
[jump-debug] stage=READY 検出=31f rise_y max=+0.0639/0.0554 rise_bottom max=+0.3375/0.2445 |offset| max=0.0684(L0.087/R0.101) JUMP=0
[jump-debug] stage=READY 検出=31f rise_y max=+0.0682/0.0554 rise_bottom max=+0.3375/0.2445 |offset| max=0.0690(L0.087/R0.101) JUMP=0
[jump-debug] stage=READY 検出=30f rise_y max=+0.0647/0.0554 rise_bottom max=+0.3375/0.2445 |offset| max=0.4004(L0.087/R0.101) JUMP=0
[jump-debug] stage=READY 検出=31f rise_y max=+0.0657/0.0554 rise_bottom max=+0.3375/0.2445 |offset| max=0.4283(L0.087/R0.101) JUMP=1
[jump-debug] stage=READY 検出=31f rise_y max=+0.0658/0.0554 rise_bottom max=+0.3375/0.2445 |offset| max=0.0680(L0.087/R0.101) JUMP=0
[jump-debug] stage=READY 検出=30f rise_y max=+0.0655/0.0554 rise_bottom max=+0.3563/0.2445 |offset| max=0.1207(L0.087/R0.101) JUMP=0
[jump-debug] stage=READY 検出=31f rise_y max=+0.0483/0.0554 rise_bottom max=+0.3563/0.2445 |offset| max=0.2123(L0.087/R0.101) JUMP=0
[jump-debug] stage=READY 検出=30f rise_y max=+0.1132/0.0554 rise_bottom max=+0.4813/0.2445 |offset| max=0.5073(L0.087/R0.101) JUMP=1
[jump-debug] stage=READY 検出=31f rise_y max=+0.1041/0.0554 rise_bottom max=+0.4594/0.2445 |offset| max=0.5071(L0.087/R0.101) JUMP=0
[jump-debug] stage=READY 検出=31f rise_y max=+0.1084/0.0554 rise_bottom max=+0.4594/0.2445 |offset| max=0.5066(L0.087/R0.101) JUMP=0
[jump-debug] stage=READY 検出=30f rise_y max=+0.1085/0.0554 rise_bottom max=+0.4594/0.2445 |offset| max=0.5152(L0.087/R0.101) JUMP=0
[jump-debug] stage=READY 検出=31f rise_y max=+0.0803/0.0554 rise_bottom max=+0.4219/0.2445 |offset| max=0.5154(L0.087/R0.101) JUMP=1
[jump-debug] stage=READY 検出=31f rise_y max=+0.1137/0.0554 rise_bottom max=+0.5219/0.2445 |offset| max=0.5141(L0.087/R0.101) JUMP=0
[jump-debug] stage=READY 検出=31f rise_y max=+0.0599/0.0554 rise_bottom max=+0.3094/0.2445 |offset| max=0.3256(L0.087/R0.101) JUMP=0
[jump-debug] stage=READY 検出=31f rise_y max=+0.0593/0.0554 rise_bottom max=+0.3094/0.2445 |offset| max=0.0684(L0.087/R0.101) JUMP=0
[jump-debug] stage=READY 検出=30f rise_y max=+0.0620/0.0554 rise_bottom max=+0.3094/0.2445 |offset| max=0.0680(L0.087/R0.101) JUMP=0
[jump-debug] stage=READY 検出=31f rise_y max=+0.0621/0.0554 rise_bottom max=+0.3094/0.2445 |offset| max=0.1431(L0.087/R0.101) JUMP=0
[jump-debug] stage=READY 検出=31f rise_y max=-0.0631/0.0554 rise_bottom max=+0.1469/0.2445 |offset| max=0.4988(L0.087/R0.101) JUMP=0
[jump-debug] stage=READY 検出=31f rise_y max=+0.0634/0.0554 rise_bottom max=+0.3375/0.2445 |offset| max=0.4988(L0.087/R0.101) JUMP=1
[jump-debug] stage=READY 検出=31f rise_y max=+0.0629/0.0554 rise_bottom max=+0.3375/0.2445 |offset| max=0.0682(L0.087/R0.101) JUMP=0
[jump-debug] stage=READY 検出=31f rise_y max=+0.0633/0.0554 rise_bottom max=+0.3375/0.2445 |offset| max=0.0686(L0.087/R0.101) JUMP=0
[jump-debug] stage=READY 検出=30f rise_y max=+0.0672/0.0554 rise_bottom max=+0.3375/0.2445 |offset| max=0.0685(L0.087/R0.101) JUMP=0
[jump-debug] stage=READY 検出=31f rise_y max=+0.0687/0.0554 rise_bottom max=+0.3375/0.2445 |offset| max=0.0686(L0.087/R0.101) JUMP=0
[jump-debug] stage=READY 検出=31f rise_y max=+0.0766/0.0554 rise_bottom max=+0.4219/0.2445 |offset| max=0.4970(L0.087/R0.101) JUMP=1
[jump-debug] stage=READY 検出=31f rise_y max=+0.0612/0.0554 rise_bottom max=+0.4219/0.2445 |offset| max=0.4986(L0.087/R0.101) JUMP=0
[jump-debug] stage=READY 検出=31f rise_y max=+0.1217/0.0554 rise_bottom max=+0.5219/0.2445 |offset| max=0.5130(L0.087/R0.101) JUMP=0
[jump-debug] stage=READY 検出=30f rise_y max=+0.0077/0.0554 rise_bottom max=+0.2375/0.2445 |offset| max=0.3250(L0.087/R0.101) JUMP=0
[jump-debug] stage=READY 検出=31f rise_y max=+0.0097/0.0554 rise_bottom max=+0.0344/0.2445 |offset| max=0.1486(L0.087/R0.101) JUMP=0
[jump-debug] stage=READY 検出=30f rise_y max=-0.0225/0.0554 rise_bottom max=+0.0719/0.2445 |offset| max=0.1889(L0.087/R0.101) JUMP=0
[jump-debug] stage=READY 検出=31f rise_y max=+0.0920/0.0554 rise_bottom max=+0.3469/0.2445 |offset| max=0.1889(L0.087/R0.101) JUMP=1
[jump-debug] stage=READY 検出=31f rise_y max=+0.0707/0.0554 rise_bottom max=+0.3375/0.2445 |offset| max=0.0668(L0.087/R0.101) JUMP=0
[jump-debug] stage=READY 検出=30f rise_y max=+0.0760/0.0554 rise_bottom max=+0.3375/0.2445 |offset| max=0.0676(L0.087/R0.101) JUMP=0
[jump-debug] stage=READY 検出=31f rise_y max=+0.0738/0.0554 rise_bottom max=+0.3375/0.2445 |offset| max=0.0677(L0.087/R0.101) JUMP=0
[jump-debug] stage=READY 検出=31f rise_y max=+0.0670/0.0554 rise_bottom max=+0.3375/0.2445 |offset| max=0.0679(L0.087/R0.101) JUMP=0
[jump-debug] stage=READY 検出=31f rise_y max=+0.0674/0.0554 rise_bottom max=+0.3375/0.2445 |offset| max=0.0678(L0.087/R0.101) JUMP=0
[jump-debug] stage=READY 検出=31f rise_y max=+0.0624/0.0554 rise_bottom max=+0.3125/0.2445 |offset| max=0.0679(L0.087/R0.101) JUMP=0
[jump-debug] stage=READY 検出=31f rise_y max=+0.0704/0.0554 rise_bottom max=+0.3125/0.2445 |offset| max=0.0676(L0.087/R0.101) JUMP=0
[jump-debug] stage=READY 検出=31f rise_y max=+0.0616/0.0554 rise_bottom max=+0.3125/0.2445 |offset| max=0.0679(L0.087/R0.101) JUMP=0
[jump-debug] stage=READY 検出=31f rise_y max=+0.0766/0.0554 rise_bottom max=+0.3375/0.2445 |offset| max=0.0678(L0.087/R0.101) JUMP=0
[jump-debug] stage=READY 検出=31f rise_y max=+0.0680/0.0554 rise_bottom max=+0.3375/0.2445 |offset| max=0.0682(L0.087/R0.101) JUMP=0
[jump-debug] stage=READY 検出=31f rise_y max=+0.0681/0.0554 rise_bottom max=+0.3375/0.2445 |offset| max=0.0679(L0.087/R0.101) JUMP=0
[jump-debug] stage=READY 検出=31f rise_y max=+0.0680/0.0554 rise_bottom max=+0.3375/0.2445 |offset| max=0.0686(L0.087/R0.101) JUMP=0
[jump-debug] stage=READY 検出=30f rise_y max=+0.0681/0.0554 rise_bottom max=+0.3375/0.2445 |offset| max=0.0685(L0.087/R0.101) JUMP=0
[jump-debug] stage=READY 検出=31f rise_y max=+0.0686/0.0554 rise_bottom max=+0.3375/0.2445 |offset| max=0.0683(L0.087/R0.101) JUMP=0
[jump-debug] stage=READY 検出=31f rise_y max=+0.0657/0.0554 rise_bottom max=+0.3375/0.2445 |offset| max=0.0683(L0.087/R0.101) JUMP=0
[jump-debug] stage=READY 検出=31f rise_y max=+0.0653/0.0554 rise_bottom max=+0.3125/0.2445 |offset| max=0.0668(L0.087/R0.101) JUMP=0
[jump-debug] stage=READY 検出=30f rise_y max=+0.0733/0.0554 rise_bottom max=+0.3375/0.2445 |offset| max=0.0679(L0.087/R0.101) JUMP=0
[jump-debug] stage=READY 検出=31f rise_y max=+0.0698/0.0554 rise_bottom max=+0.3375/0.2445 |offset| max=0.0679(L0.087/R0.101) JUMP=0
[jump-debug] stage=READY 検出=31f rise_y max=+0.0679/0.0554 rise_bottom max=+0.3375/0.2445 |offset| max=0.0677(L0.087/R0.101) JUMP=0
[jump-debug] stage=READY 検出=31f rise_y max=+0.0684/0.0554 rise_bottom max=+0.3375/0.2445 |offset| max=0.0676(L0.087/R0.101) JUMP=0
[jump-debug] stage=READY 検出=31f rise_y max=+0.0726/0.0554 rise_bottom max=+0.3375/0.2445 |offset| max=0.0669(L0.087/R0.101) JUMP=0
[jump-debug] stage=READY 検出=31f rise_y max=+0.0683/0.0554 rise_bottom max=+0.3375/0.2445 |offset| max=0.0666(L0.087/R0.101) JUMP=0
[jump-debug] stage=READY 検出=31f rise_y max=+0.0672/0.0554 rise_bottom max=+0.3375/0.2445 |offset| max=0.0683(L0.087/R0.101) JUMP=0
[jump-debug] stage=READY 検出=31f rise_y max=+0.0676/0.0554 rise_bottom max=+0.3375/0.2445 |offset| max=0.0678(L0.087/R0.101) JUMP=0
[jump-debug] stage=READY 検出=31f rise_y max=+0.0666/0.0554 rise_bottom max=+0.3375/0.2445 |offset| max=0.0666(L0.087/R0.101) JUMP=0
[jump-debug] stage=READY 検出=31f rise_y max=+0.0730/0.0554 rise_bottom max=+0.3125/0.2445 |offset| max=0.0668(L0.087/R0.101) JUMP=0
[jump-debug] stage=READY 検出=31f rise_y max=+0.0732/0.0554 rise_bottom max=+0.3375/0.2445 |offset| max=0.0666(L0.087/R0.101) JUMP=0
[jump-debug] stage=READY 検出=30f rise_y max=+0.0700/0.0554 rise_bottom max=+0.3375/0.2445 |offset| max=0.0664(L0.087/R0.101) JUMP=0
[jump-debug] stage=READY 検出=31f rise_y max=+0.0765/0.0554 rise_bottom max=+0.3375/0.2445 |offset| max=0.0667(L0.087/R0.101) JUMP=0
[jump-debug] stage=READY 検出=30f rise_y max=+0.0676/0.0554 rise_bottom max=+0.3375/0.2445 |offset| max=0.0668(L0.087/R0.101) JUMP=0
[jump-debug] stage=READY 検出=31f rise_y max=+0.0739/0.0554 rise_bottom max=+0.3375/0.2445 |offset| max=0.0677(L0.087/R0.101) JUMP=0
[jump-debug] stage=READY 検出=31f rise_y max=+0.0679/0.0554 rise_bottom max=+0.3375/0.2445 |offset| max=0.0670(L0.087/R0.101) JUMP=0
[jump-debug] stage=READY 検出=31f rise_y max=+0.0756/0.0554 rise_bottom max=+0.3375/0.2445 |offset| max=0.0672(L0.087/R0.101) JUMP=0
[jump-debug] stage=READY 検出=31f rise_y max=+0.0734/0.0554 rise_bottom max=+0.3375/0.2445 |offset| max=0.0678(L0.087/R0.101) JUMP=0
[jump-debug] stage=READY 検出=31f rise_y max=+0.0722/0.0554 rise_bottom max=+0.3094/0.2445 |offset| max=0.0670(L0.087/R0.101) JUMP=0
[jump-debug] stage=READY 検出=31f rise_y max=+0.0699/0.0554 rise_bottom max=+0.3125/0.2445 |offset| max=0.0682(L0.087/R0.101) JUMP=0
[jump-debug] stage=READY 検出=31f rise_y max=+0.0708/0.0554 rise_bottom max=+0.3125/0.2445 |offset| max=0.0676(L0.087/R0.101) JUMP=0
[jump-debug] stage=READY 検出=31f rise_y max=+0.0654/0.0554 rise_bottom max=+0.3125/0.2445 |offset| max=0.0682(L0.087/R0.101) JUMP=0
[jump-debug] stage=READY 検出=31f rise_y max=+0.0681/0.0554 rise_bottom max=+0.3375/0.2445 |offset| max=0.0679(L0.087/R0.101) JUMP=0
[jump-debug] stage=READY 検出=31f rise_y max=+0.0658/0.0554 rise_bottom max=+0.3125/0.2445 |offset| max=0.0680(L0.087/R0.101) JUMP=0
[jump-debug] stage=READY 検出=31f rise_y max=+0.0738/0.0554 rise_bottom max=+0.3375/0.2445 |offset| max=0.0684(L0.087/R0.101) JUMP=0
[jump-debug] stage=READY 検出=31f rise_y max=+0.0704/0.0554 rise_bottom max=+0.3094/0.2445 |offset| max=0.0676(L0.087/R0.101) JUMP=0
[jump-debug] stage=READY 検出=31f rise_y max=+0.0656/0.0554 rise_bottom max=+0.3125/0.2445 |offset| max=0.0678(L0.087/R0.101) JUMP=0
[jump-debug] stage=READY 検出=31f rise_y max=+0.0647/0.0554 rise_bottom max=+0.3125/0.2445 |offset| max=0.0678(L0.087/R0.101) JUMP=0
[jump-debug] stage=READY 検出=31f rise_y max=+0.0651/0.0554 rise_bottom max=+0.3125/0.2445 |offset| max=0.0679(L0.087/R0.101) JUMP=0
[jump-debug] stage=READY 検出=31f rise_y max=+0.0677/0.0554 rise_bottom max=+0.3375/0.2445 |offset| max=0.0669(L0.087/R0.101) JUMP=0
[jump-debug] stage=READY 検出=30f rise_y max=+0.0755/0.0554 rise_bottom max=+0.3375/0.2445 |offset| max=0.0675(L0.087/R0.101) JUMP=0
[jump-debug] stage=READY 検出=30f rise_y max=+0.0694/0.0554 rise_bottom max=+0.3125/0.2445 |offset| max=0.0671(L0.087/R0.101) JUMP=0
[jump-debug] stage=READY 検出=31f rise_y max=+0.0609/0.0554 rise_bottom max=+0.3125/0.2445 |offset| max=0.0679(L0.087/R0.101) JUMP=0
[jump-debug] stage=READY 検出=30f rise_y max=+0.0606/0.0554 rise_bottom max=+0.3125/0.2445 |offset| max=0.0681(L0.087/R0.101) JUMP=0
[jump-debug] stage=READY 検出=31f rise_y max=+0.0659/0.0554 rise_bottom max=+0.3375/0.2445 |offset| max=0.0682(L0.087/R0.101) JUMP=0
[jump-debug] stage=READY 検出=31f rise_y max=+0.0662/0.0554 rise_bottom max=+0.3375/0.2445 |offset| max=0.0682(L0.087/R0.101) JUMP=0
[jump-debug] stage=READY 検出=31f rise_y max=+0.0735/0.0554 rise_bottom max=+0.3375/0.2445 |offset| max=0.0682(L0.087/R0.101) JUMP=0
[jump-debug] stage=READY 検出=31f rise_y max=+0.0674/0.0554 rise_bottom max=+0.3375/0.2445 |offset| max=0.0681(L0.087/R0.101) JUMP=0
[jump-debug] stage=READY 検出=31f rise_y max=+0.0761/0.0554 rise_bottom max=+0.3375/0.2445 |offset| max=0.0682(L0.087/R0.101) JUMP=0
[jump-debug] stage=READY 検出=31f rise_y max=+0.0756/0.0554 rise_bottom max=+0.3375/0.2445 |offset| max=0.0686(L0.087/R0.101) JUMP=0
[jump-debug] stage=READY 検出=31f rise_y max=+0.0661/0.0554 rise_bottom max=+0.3375/0.2445 |offset| max=0.0681(L0.087/R0.101) JUMP=0
[jump-debug] stage=READY 検出=31f rise_y max=+0.0606/0.0554 rise_bottom max=+0.3125/0.2445 |offset| max=0.0681(L0.087/R0.101) JUMP=0
[jump-debug] stage=READY 検出=31f rise_y max=+0.0614/0.0554 rise_bottom max=+0.3125/0.2445 |offset| max=0.0682(L0.087/R0.101) JUMP=0
[jump-debug] stage=READY 検出=31f rise_y max=+0.0665/0.0554 rise_bottom max=+0.3375/0.2445 |offset| max=0.0682(L0.087/R0.101) JUMP=0
[jump-debug] stage=READY 検出=31f rise_y max=+0.0663/0.0554 rise_bottom max=+0.3375/0.2445 |offset| max=0.0680(L0.087/R0.101) JUMP=0
[jump-debug] stage=READY 検出=31f rise_y max=+0.0604/0.0554 rise_bottom max=+0.3156/0.2445 |offset| max=0.0677(L0.087/R0.101) JUMP=0
[jump-debug] stage=READY 検出=31f rise_y max=+0.0602/0.0554 rise_bottom max=+0.3094/0.2445 |offset| max=0.0675(L0.087/R0.101) JUMP=0
[jump-debug] stage=READY 検出=30f rise_y max=+0.0683/0.0554 rise_bottom max=+0.3125/0.2445 |offset| max=0.0669(L0.087/R0.101) JUMP=0
[jump-debug] stage=READY 検出=31f rise_y max=+0.0609/0.0554 rise_bottom max=+0.3125/0.2445 |offset| max=0.0668(L0.087/R0.101) JUMP=0
[jump-debug] stage=READY 検出=31f rise_y max=+0.0691/0.0554 rise_bottom max=+0.3125/0.2445 |offset| max=0.0683(L0.087/R0.101) JUMP=0
[jump-debug] stage=READY 検出=31f rise_y max=+0.0669/0.0554 rise_bottom max=+0.3375/0.2445 |offset| max=0.0670(L0.087/R0.101) JUMP=0
[jump-debug] stage=READY 検出=31f rise_y max=+0.0680/0.0554 rise_bottom max=+0.3375/0.2445 |offset| max=0.0687(L0.087/R0.101) JUMP=0
[jump-debug] stage=READY 検出=31f rise_y max=+0.0696/0.0554 rise_bottom max=+0.3375/0.2445 |offset| max=0.0681(L0.087/R0.101) JUMP=0
[jump-debug] stage=READY 検出=31f rise_y max=+0.0671/0.0554 rise_bottom max=+0.3375/0.2445 |offset| max=0.0684(L0.087/R0.101) JUMP=0
[jump-debug] stage=READY 検出=31f rise_y max=+0.0673/0.0554 rise_bottom max=+0.3375/0.2445 |offset| max=0.0683(L0.087/R0.101) JUMP=0
[jump-debug] stage=READY 検出=31f rise_y max=+0.0701/0.0554 rise_bottom max=+0.3375/0.2445 |offset| max=0.0681(L0.087/R0.101) JUMP=0
[jump-debug] stage=READY 検出=31f rise_y max=+0.0733/0.0554 rise_bottom max=+0.3375/0.2445 |offset| max=0.0683(L0.087/R0.101) JUMP=0
[jump-debug] stage=READY 検出=31f rise_y max=+0.0611/0.0554 rise_bottom max=+0.3156/0.2445 |offset| max=0.0684(L0.087/R0.101) JUMP=0
[jump-debug] stage=READY 検出=31f rise_y max=+0.0624/0.0554 rise_bottom max=+0.3375/0.2445 |offset| max=0.0678(L0.087/R0.101) JUMP=0
[jump-debug] stage=READY 検出=31f rise_y max=+0.0668/0.0554 rise_bottom max=+0.3375/0.2445 |offset| max=0.0686(L0.087/R0.101) JUMP=0
[jump-debug] stage=READY 検出=30f rise_y max=+0.0676/0.0554 rise_bottom max=+0.3375/0.2445 |offset| max=0.0685(L0.087/R0.101) JUMP=0
[jump-debug] stage=READY 検出=31f rise_y max=+0.0670/0.0554 rise_bottom max=+0.3375/0.2445 |offset| max=0.0683(L0.087/R0.101) JUMP=0
[jump-debug] stage=READY 検出=31f rise_y max=+0.0610/0.0554 rise_bottom max=+0.3125/0.2445 |offset| max=0.0677(L0.087/R0.101) JUMP=0
[jump-debug] stage=READY 検出=31f rise_y max=+0.0603/0.0554 rise_bottom max=+0.3094/0.2445 |offset| max=0.0669(L0.087/R0.101) JUMP=0
[jump-debug] stage=READY 検出=31f rise_y max=+0.0693/0.0554 rise_bottom max=+0.3375/0.2445 |offset| max=0.0672(L0.087/R0.101) JUMP=0
[jump-debug] stage=READY 検出=31f rise_y max=+0.0657/0.0554 rise_bottom max=+0.3375/0.2445 |offset| max=0.0676(L0.087/R0.101) JUMP=0
[jump-debug] stage=READY 検出=31f rise_y max=+0.0702/0.0554 rise_bottom max=+0.3375/0.2445 |offset| max=0.0685(L0.087/R0.101) JUMP=0
[jump-debug] stage=READY 検出=31f rise_y max=+0.0659/0.0554 rise_bottom max=+0.3375/0.2445 |offset| max=0.0680(L0.087/R0.101) JUMP=0
[jump-debug] stage=READY 検出=31f rise_y max=+0.0655/0.0554 rise_bottom max=+0.3375/0.2445 |offset| max=0.0681(L0.087/R0.101) JUMP=0
[jump-debug] stage=READY 検出=31f rise_y max=+0.0665/0.0554 rise_bottom max=+0.3375/0.2445 |offset| max=0.0670(L0.087/R0.101) JUMP=0
[jump-debug] stage=READY 検出=31f rise_y max=+0.0672/0.0554 rise_bottom max=+0.3375/0.2445 |offset| max=0.0672(L0.087/R0.101) JUMP=0
[jump-debug] stage=READY 検出=31f rise_y max=+0.0661/0.0554 rise_bottom max=+0.3375/0.2445 |offset| max=0.0671(L0.087/R0.101) JUMP=0
[jump-debug] stage=READY 検出=31f rise_y max=+0.0656/0.0554 rise_bottom max=+0.3375/0.2445 |offset| max=0.0671(L0.087/R0.101) JUMP=0
[jump-debug] stage=READY 検出=31f rise_y max=+0.0662/0.0554 rise_bottom max=+0.3375/0.2445 |offset| max=0.0684(L0.087/R0.101) JUMP=0
[jump-debug] stage=READY 検出=31f rise_y max=+0.0662/0.0554 rise_bottom max=+0.3375/0.2445 |offset| max=0.0672(L0.087/R0.101) JUMP=0
[jump-debug] stage=READY 検出=30f rise_y max=+0.0659/0.0554 rise_bottom max=+0.3375/0.2445 |offset| max=0.0668(L0.087/R0.101) JUMP=0
[jump-debug] stage=READY 検出=31f rise_y max=+0.0665/0.0554 rise_bottom max=+0.3375/0.2445 |offset| max=0.0671(L0.087/R0.101) JUMP=0
[jump-debug] stage=READY 検出=31f rise_y max=+0.0604/0.0554 rise_bottom max=+0.3125/0.2445 |offset| max=0.0673(L0.087/R0.101) JUMP=0
[jump-debug] stage=READY 検出=31f rise_y max=+0.0623/0.0554 rise_bottom max=+0.3375/0.2445 |offset| max=0.0670(L0.087/R0.101) JUMP=0
[jump-debug] stage=READY 検出=31f rise_y max=+0.0636/0.0554 rise_bottom max=+0.3375/0.2445 |offset| max=0.0670(L0.087/R0.101) JUMP=0
[jump-debug] stage=READY 検出=31f rise_y max=+0.0753/0.0554 rise_bottom max=+0.3375/0.2445 |offset| max=0.0681(L0.087/R0.101) JUMP=0
[jump-debug] stage=READY 検出=31f rise_y max=+0.0734/0.0554 rise_bottom max=+0.3375/0.2445 |offset| max=0.0673(L0.087/R0.101) JUMP=0
[jump-debug] stage=READY 検出=31f rise_y max=+0.0612/0.0554 rise_bottom max=+0.3125/0.2445 |offset| max=0.0680(L0.087/R0.101) JUMP=0
[jump-debug] stage=READY 検出=31f rise_y max=+0.0670/0.0554 rise_bottom max=+0.3375/0.2445 |offset| max=0.0680(L0.087/R0.101) JUMP=0
[jump-debug] stage=READY 検出=31f rise_y max=+0.0626/0.0554 rise_bottom max=+0.3375/0.2445 |offset| max=0.0682(L0.087/R0.101) JUMP=0
[jump-debug] stage=READY 検出=30f rise_y max=+0.0664/0.0554 rise_bottom max=+0.3375/0.2445 |offset| max=0.0682(L0.087/R0.101) JUMP=0
[jump-debug] stage=READY 検出=31f rise_y max=+0.0665/0.0554 rise_bottom max=+0.3375/0.2445 |offset| max=0.0682(L0.087/R0.101) JUMP=0
[jump-debug] stage=READY 検出=31f rise_y max=+0.0668/0.0554 rise_bottom max=+0.3375/0.2445 |offset| max=0.0684(L0.087/R0.101) JUMP=0
[jump-debug] stage=READY 検出=31f rise_y max=+0.0670/0.0554 rise_bottom max=+0.3375/0.2445 |offset| max=0.0683(L0.087/R0.101) JUMP=0
[jump-debug] stage=READY 検出=31f rise_y max=+0.0755/0.0554 rise_bottom max=+0.3375/0.2445 |offset| max=0.0682(L0.087/R0.101) JUMP=0
[jump-debug] stage=READY 検出=31f rise_y max=+0.0752/0.0554 rise_bottom max=+0.3375/0.2445 |offset| max=0.0684(L0.087/R0.101) JUMP=0
[jump-debug] stage=READY 検出=31f rise_y max=+0.0677/0.0554 rise_bottom max=+0.3375/0.2445 |offset| max=0.0686(L0.087/R0.101) JUMP=0
[jump-debug] stage=READY 検出=31f rise_y max=+0.0666/0.0554 rise_bottom max=+0.3375/0.2445 |offset| max=0.0686(L0.087/R0.101) JUMP=0
[jump-debug] stage=READY 検出=31f rise_y max=+0.0737/0.0554 rise_bottom max=+0.3375/0.2445 |offset| max=0.0682(L0.087/R0.101) JUMP=0
[jump-debug] stage=READY 検出=31f rise_y max=+0.0761/0.0554 rise_bottom max=+0.3375/0.2445 |offset| max=0.0685(L0.087/R0.101) JUMP=0
[jump-debug] stage=READY 検出=31f rise_y max=+0.0707/0.0554 rise_bottom max=+0.3125/0.2445 |offset| max=0.0685(L0.087/R0.101) JUMP=0
[jump-debug] stage=READY 検出=31f rise_y max=+0.0618/0.0554 rise_bottom max=+0.3125/0.2445 |offset| max=0.0683(L0.087/R0.101) JUMP=0
[jump-debug] stage=READY 検出=31f rise_y max=+0.0770/0.0554 rise_bottom max=+0.3375/0.2445 |offset| max=0.0679(L0.087/R0.101) JUMP=0
[jump-debug] stage=READY 検出=31f rise_y max=+0.0901/0.0554 rise_bottom max=+0.3438/0.2445 |offset| max=0.0681(L0.087/R0.101) JUMP=0
[jump-debug] stage=READY 検出=31f rise_y max=+0.0750/0.0554 rise_bottom max=+0.3375/0.2445 |offset| max=0.0679(L0.087/R0.101) JUMP=0
[jump-debug] stage=READY 検出=31f rise_y max=+0.0918/0.0554 rise_bottom max=+0.3531/0.2445 |offset| max=0.0144(L0.087/R0.101) JUMP=0
[jump-debug] stage=READY 検出=31f rise_y max=+0.0906/0.0554 rise_bottom max=+0.3438/0.2445 |offset| max=0.0666(L0.087/R0.101) JUMP=0
[jump-debug] stage=READY 検出=31f rise_y max=+0.0738/0.0554 rise_bottom max=+0.3375/0.2445 |offset| max=0.0678(L0.087/R0.101) JUMP=0
[jump-debug] stage=READY 検出=31f rise_y max=+0.0763/0.0554 rise_bottom max=+0.3375/0.2445 |offset| max=0.0688(L0.087/R0.101) JUMP=0
[jump-debug] stage=READY 検出=31f rise_y max=+0.0734/0.0554 rise_bottom max=+0.3375/0.2445 |offset| max=0.0683(L0.087/R0.101) JUMP=0
[jump-debug] stage=READY 検出=30f rise_y max=+0.0738/0.0554 rise_bottom max=+0.3375/0.2445 |offset| max=0.0682(L0.087/R0.101) JUMP=0
[jump-debug] stage=READY 検出=31f rise_y max=+0.0709/0.0554 rise_bottom max=+0.3125/0.2445 |offset| max=0.0684(L0.087/R0.101) JUMP=0
[jump-debug] stage=READY 検出=31f rise_y max=+0.0705/0.0554 rise_bottom max=+0.3375/0.2445 |offset| max=0.0683(L0.087/R0.101) JUMP=0
[jump-debug] stage=READY 検出=31f rise_y max=+0.0610/0.0554 rise_bottom max=+0.3125/0.2445 |offset| max=0.0685(L0.087/R0.101) JUMP=0
[jump-debug] stage=READY 検出=31f rise_y max=+0.0670/0.0554 rise_bottom max=+0.3375/0.2445 |offset| max=0.0681(L0.087/R0.101) JUMP=0
[jump-debug] stage=READY 検出=31f rise_y max=+0.0670/0.0554 rise_bottom max=+0.3375/0.2445 |offset| max=0.0682(L0.087/R0.101) JUMP=0
[jump-debug] stage=READY 検出=30f rise_y max=+0.0674/0.0554 rise_bottom max=+0.3375/0.2445 |offset| max=0.0682(L0.087/R0.101) JUMP=0
[jump-debug] stage=READY 検出=31f rise_y max=+0.0637/0.0554 rise_bottom max=+0.3375/0.2445 |offset| max=0.0683(L0.087/R0.101) JUMP=0
[jump-debug] stage=READY 検出=31f rise_y max=+0.0636/0.0554 rise_bottom max=+0.3375/0.2445 |offset| max=0.0682(L0.087/R0.101) JUMP=0
[jump-debug] stage=READY 検出=31f rise_y max=+0.0679/0.0554 rise_bottom max=+0.3375/0.2445 |offset| max=0.0682(L0.087/R0.101) JUMP=0
[jump-debug] stage=READY 検出=30f rise_y max=+0.0676/0.0554 rise_bottom max=+0.3375/0.2445 |offset| max=0.0685(L0.087/R0.101) JUMP=0
[jump-debug] stage=READY 検出=31f rise_y max=+0.0680/0.0554 rise_bottom max=+0.3375/0.2445 |offset| max=0.0687(L0.087/R0.101) JUMP=0
[jump-debug] stage=READY 検出=30f rise_y max=+0.0676/0.0554 rise_bottom max=+0.3375/0.2445 |offset| max=0.0685(L0.087/R0.101) JUMP=0
[jump-debug] stage=READY 検出=31f rise_y max=+0.0727/0.0554 rise_bottom max=+0.3375/0.2445 |offset| max=0.0682(L0.087/R0.101) JUMP=0
[jump-debug] stage=READY 検出=31f rise_y max=+0.0669/0.0554 rise_bottom max=+0.3375/0.2445 |offset| max=0.0684(L0.087/R0.101) JUMP=0
[jump-debug] stage=READY 検出=31f rise_y max=+0.0679/0.0554 rise_bottom max=+0.3375/0.2445 |offset| max=0.0684(L0.087/R0.101) JUMP=0
[jump-debug] stage=READY 検出=31f rise_y max=+0.0668/0.0554 rise_bottom max=+0.3375/0.2445 |offset| max=0.0685(L0.087/R0.101) JUMP=0
[jump-debug] stage=READY 検出=31f rise_y max=+0.0761/0.0554 rise_bottom max=+0.3375/0.2445 |offset| max=0.0679(L0.087/R0.101) JUMP=0
[jump-debug] stage=READY 検出=31f rise_y max=+0.0760/0.0554 rise_bottom max=+0.3375/0.2445 |offset| max=0.0681(L0.087/R0.101) JUMP=0
[jump-debug] stage=READY 検出=31f rise_y max=+0.0752/0.0554 rise_bottom max=+0.3375/0.2445 |offset| max=0.0680(L0.087/R0.101) JUMP=0
[jump-debug] stage=READY 検出=31f rise_y max=+0.0705/0.0554 rise_bottom max=+0.3375/0.2445 |offset| max=0.0679(L0.087/R0.101) JUMP=0
[jump-debug] stage=READY 検出=31f rise_y max=+0.0742/0.0554 rise_bottom max=+0.3375/0.2445 |offset| max=0.0682(L0.087/R0.101) JUMP=0
[jump-debug] stage=READY 検出=31f rise_y max=+0.0730/0.0554 rise_bottom max=+0.3375/0.2445 |offset| max=0.0681(L0.087/R0.101) JUMP=0
[jump-debug] stage=READY 検出=31f rise_y max=+0.0640/0.0554 rise_bottom max=+0.3375/0.2445 |offset| max=0.0680(L0.087/R0.101) JUMP=0
[jump-debug] stage=READY 検出=31f rise_y max=+0.0704/0.0554 rise_bottom max=+0.3375/0.2445 |offset| max=0.0682(L0.087/R0.101) JUMP=0
[jump-debug] stage=READY 検出=31f rise_y max=+0.0701/0.0554 rise_bottom max=+0.3375/0.2445 |offset| max=0.0683(L0.087/R0.101) JUMP=0
[jump-debug] stage=READY 検出=31f rise_y max=+0.0726/0.0554 rise_bottom max=+0.3375/0.2445 |offset| max=0.0679(L0.087/R0.101) JUMP=0
[jump-debug] stage=READY 検出=31f rise_y max=+0.0764/0.0554 rise_bottom max=+0.3375/0.2445 |offset| max=0.0683(L0.087/R0.101) JUMP=0
[jump-debug] stage=READY 検出=31f rise_y max=+0.0765/0.0554 rise_bottom max=+0.3375/0.2445 |offset| max=0.0682(L0.087/R0.101) JUMP=0
[jump-debug] stage=READY 検出=31f rise_y max=+0.0725/0.0554 rise_bottom max=+0.3375/0.2445 |offset| max=0.0682(L0.087/R0.101) JUMP=0
[jump-debug] stage=READY 検出=31f rise_y max=+0.0655/0.0554 rise_bottom max=+0.3156/0.2445 |offset| max=0.0681(L0.087/R0.101) JUMP=0
[jump-debug] stage=READY 検出=31f rise_y max=+0.0692/0.0554 rise_bottom max=+0.3125/0.2445 |offset| max=0.0677(L0.087/R0.101) JUMP=0
[jump-debug] stage=READY 検出=31f rise_y max=+0.0737/0.0554 rise_bottom max=+0.3375/0.2445 |offset| max=0.0681(L0.087/R0.101) JUMP=0
[jump-debug] stage=READY 検出=31f rise_y max=+0.0702/0.0554 rise_bottom max=+0.3375/0.2445 |offset| max=0.0674(L0.087/R0.101) JUMP=0
[jump-debug] stage=READY 検出=31f rise_y max=+0.0722/0.0554 rise_bottom max=+0.3375/0.2445 |offset| max=0.0686(L0.087/R0.101) JUMP=0
[jump-debug] stage=READY 検出=31f rise_y max=+0.0767/0.0554 rise_bottom max=+0.3375/0.2445 |offset| max=0.0686(L0.087/R0.101) JUMP=0
[jump-debug] stage=READY 検出=31f rise_y max=+0.0763/0.0554 rise_bottom max=+0.3375/0.2445 |offset| max=0.0685(L0.087/R0.101) JUMP=0
[jump-debug] stage=READY 検出=31f rise_y max=+0.0704/0.0554 rise_bottom max=+0.3094/0.2445 |offset| max=0.0683(L0.087/R0.101) JUMP=0
[jump-debug] stage=READY 検出=31f rise_y max=+0.0704/0.0554 rise_bottom max=+0.3125/0.2445 |offset| max=0.0683(L0.087/R0.101) JUMP=0
[jump-debug] stage=READY 検出=31f rise_y max=+0.0655/0.0554 rise_bottom max=+0.3125/0.2445 |offset| max=0.0684(L0.087/R0.101) JUMP=0
[jump-debug] stage=READY 検出=31f rise_y max=+0.0740/0.0554 rise_bottom max=+0.3375/0.2445 |offset| max=0.0684(L0.087/R0.101) JUMP=0
[jump-debug] stage=READY 検出=31f rise_y max=+0.0674/0.0554 rise_bottom max=+0.3375/0.2445 |offset| max=0.0679(L0.087/R0.101) JUMP=0
[jump-debug] stage=READY 検出=31f rise_y max=+0.0668/0.0554 rise_bottom max=+0.3375/0.2445 |offset| max=0.0682(L0.087/R0.101) JUMP=0
[jump-debug] stage=READY 検出=31f rise_y max=+0.0721/0.0554 rise_bottom max=+0.3375/0.2445 |offset| max=0.0680(L0.087/R0.101) JUMP=0
[jump-debug] stage=READY 検出=31f rise_y max=+0.0683/0.0554 rise_bottom max=+0.3375/0.2445 |offset| max=0.0679(L0.087/R0.101) JUMP=0
[jump-debug] stage=READY 検出=31f rise_y max=+0.0684/0.0554 rise_bottom max=+0.3375/0.2445 |offset| max=0.0684(L0.087/R0.101) JUMP=0
[jump-debug] stage=READY 検出=31f rise_y max=+0.0704/0.0554 rise_bottom max=+0.3375/0.2445 |offset| max=0.0686(L0.087/R0.101) JUMP=0
[jump-debug] stage=READY 検出=31f rise_y max=+0.0671/0.0554 rise_bottom max=+0.3375/0.2445 |offset| max=0.0682(L0.087/R0.101) JUMP=0
[jump-debug] stage=READY 検出=31f rise_y max=+0.0668/0.0554 rise_bottom max=+0.3375/0.2445 |offset| max=0.0685(L0.087/R0.101) JUMP=0
[jump-debug] stage=READY 検出=31f rise_y max=+0.0679/0.0554 rise_bottom max=+0.3375/0.2445 |offset| max=0.0682(L0.087/R0.101) JUMP=0
[jump-debug] stage=READY 検出=31f rise_y max=+0.0685/0.0554 rise_bottom max=+0.3375/0.2445 |offset| max=0.0683(L0.087/R0.101) JUMP=0
[jump-debug] stage=READY 検出=31f rise_y max=+0.0673/0.0554 rise_bottom max=+0.3375/0.2445 |offset| max=0.0683(L0.087/R0.101) JUMP=0
[jump-debug] stage=READY 検出=31f rise_y max=+0.0671/0.0554 rise_bottom max=+0.3375/0.2445 |offset| max=0.0682(L0.087/R0.101) JUMP=0
[jump-debug] stage=READY 検出=31f rise_y max=+0.0737/0.0554 rise_bottom max=+0.3375/0.2445 |offset| max=0.0682(L0.087/R0.101) JUMP=0
[jump-debug] stage=READY 検出=31f rise_y max=+0.0669/0.0554 rise_bottom max=+0.3375/0.2445 |offset| max=0.0683(L0.087/R0.101) JUMP=0
[jump-debug] stage=READY 検出=31f rise_y max=+0.0645/0.0554 rise_bottom max=+0.3125/0.2445 |offset| max=0.0681(L0.087/R0.101) JUMP=0
[jump-debug] stage=READY 検出=31f rise_y max=+0.0708/0.0554 rise_bottom max=+0.3094/0.2445 |offset| max=0.0678(L0.087/R0.101) JUMP=0
[jump-debug] stage=READY 検出=30f rise_y max=+0.0613/0.0554 rise_bottom max=+0.3094/0.2445 |offset| max=0.0670(L0.087/R0.101) JUMP=0
[jump-debug] stage=READY 検出=31f rise_y max=+0.0701/0.0554 rise_bottom max=+0.3094/0.2445 |offset| max=0.0668(L0.087/R0.101) JUMP=0
[jump-debug] stage=READY 検出=31f rise_y max=+0.0609/0.0554 rise_bottom max=+0.3094/0.2445 |offset| max=0.0670(L0.087/R0.101) JUMP=0
[jump-debug] stage=READY 検出=31f rise_y max=+0.0709/0.0554 rise_bottom max=+0.3125/0.2445 |offset| max=0.0680(L0.087/R0.101) JUMP=0
[jump-debug] stage=READY 検出=31f rise_y max=+0.0698/0.0554 rise_bottom max=+0.3094/0.2445 |offset| max=0.0675(L0.087/R0.101) JUMP=0
[jump-debug] stage=READY 検出=31f rise_y max=+0.0656/0.0554 rise_bottom max=+0.3125/0.2445 |offset| max=0.0669(L0.087/R0.101) JUMP=0
[jump-debug] stage=READY 検出=31f rise_y max=+0.0657/0.0554 rise_bottom max=+0.3125/0.2445 |offset| max=0.0680(L0.087/R0.101) JUMP=0
[jump-debug] stage=READY 検出=31f rise_y max=+0.0651/0.0554 rise_bottom max=+0.3156/0.2445 |offset| max=0.0684(L0.087/R0.101) JUMP=0
[jump-debug] stage=READY 検出=31f rise_y max=+0.0657/0.0554 rise_bottom max=+0.3125/0.2445 |offset| max=0.0673(L0.087/R0.101) JUMP=0
[jump-debug] stage=READY 検出=31f rise_y max=+0.0659/0.0554 rise_bottom max=+0.3375/0.2445 |offset| max=0.0681(L0.087/R0.101) JUMP=0
[jump-debug] stage=READY 検出=31f rise_y max=+0.0648/0.0554 rise_bottom max=+0.3125/0.2445 |offset| max=0.0682(L0.087/R0.101) JUMP=0
[jump-debug] stage=READY 検出=31f rise_y max=+0.0616/0.0554 rise_bottom max=+0.3125/0.2445 |offset| max=0.0682(L0.087/R0.101) JUMP=0
[jump-debug] stage=READY 検出=31f rise_y max=+0.0617/0.0554 rise_bottom max=+0.3094/0.2445 |offset| max=0.0683(L0.087/R0.101) JUMP=0
[jump-debug] stage=READY 検出=31f rise_y max=+0.0734/0.0554 rise_bottom max=+0.3125/0.2445 |offset| max=0.0686(L0.087/R0.101) JUMP=0
[jump-debug] stage=READY 検出=31f rise_y max=+0.0641/0.0554 rise_bottom max=+0.3375/0.2445 |offset| max=0.0678(L0.087/R0.101) JUMP=0
[jump-debug] stage=READY 検出=31f rise_y max=+0.0617/0.0554 rise_bottom max=+0.3094/0.2445 |offset| max=0.0675(L0.087/R0.101) JUMP=0
[jump-debug] stage=READY 検出=31f rise_y max=+0.0710/0.0554 rise_bottom max=+0.3094/0.2445 |offset| max=0.0679(L0.087/R0.101) JUMP=0
[jump-debug] stage=READY 検出=31f rise_y max=+0.0735/0.0554 rise_bottom max=+0.3375/0.2445 |offset| max=0.0674(L0.087/R0.101) JUMP=0
[jump-debug] stage=READY 検出=31f rise_y max=+0.0733/0.0554 rise_bottom max=+0.3375/0.2445 |offset| max=0.0683(L0.087/R0.101) JUMP=0
[jump-debug] stage=READY 検出=31f rise_y max=+0.0759/0.0554 rise_bottom max=+0.3375/0.2445 |offset| max=0.0683(L0.087/R0.101) JUMP=0
[jump-debug] stage=READY 検出=31f rise_y max=+0.0660/0.0554 rise_bottom max=+0.3125/0.2445 |offset| max=0.0683(L0.087/R0.101) JUMP=0
[jump-debug] stage=READY 検出=31f rise_y max=+0.0649/0.0554 rise_bottom max=+0.3375/0.2445 |offset| max=0.0688(L0.087/R0.101) JUMP=0
[jump-debug] stage=READY 検出=31f rise_y max=+0.0620/0.0554 rise_bottom max=+0.3094/0.2445 |offset| max=0.0682(L0.087/R0.101) JUMP=0
[jump-debug] stage=READY 検出=31f rise_y max=+0.0624/0.0554 rise_bottom max=+0.3125/0.2445 |offset| max=0.0684(L0.087/R0.101) JUMP=0
[jump-debug] stage=READY 検出=31f rise_y max=+0.0720/0.0554 rise_bottom max=+0.3375/0.2445 |offset| max=0.0671(L0.087/R0.101) JUMP=0
[jump-debug] stage=READY 検出=31f rise_y max=+0.0738/0.0554 rise_bottom max=+0.3125/0.2445 |offset| max=0.0686(L0.087/R0.101) JUMP=0
[jump-debug] stage=READY 検出=31f rise_y max=+0.0711/0.0554 rise_bottom max=+0.3125/0.2445 |offset| max=0.0681(L0.087/R0.101) JUMP=0
[jump-debug] stage=READY 検出=31f rise_y max=+0.0736/0.0554 rise_bottom max=+0.3125/0.2445 |offset| max=0.0681(L0.087/R0.101) JUMP=0
[jump-debug] stage=READY 検出=31f rise_y max=+0.0739/0.0554 rise_bottom max=+0.3375/0.2445 |offset| max=0.0682(L0.087/R0.101) JUMP=0
[jump-debug] stage=READY 検出=31f rise_y max=+0.0732/0.0554 rise_bottom max=+0.3375/0.2445 |offset| max=0.0679(L0.087/R0.101) JUMP=0
[jump-debug] stage=READY 検出=31f rise_y max=+0.0702/0.0554 rise_bottom max=+0.3375/0.2445 |offset| max=0.0682(L0.087/R0.101) JUMP=0
[jump-debug] stage=READY 検出=31f rise_y max=+0.0692/0.0554 rise_bottom max=+0.3125/0.2445 |offset| max=0.0680(L0.087/R0.101) JUMP=0
[jump-debug] stage=READY 検出=31f rise_y max=+0.0614/0.0554 rise_bottom max=+0.3125/0.2445 |offset| max=0.0676(L0.087/R0.101) JUMP=0
[jump-debug] stage=READY 検出=30f rise_y max=+0.0614/0.0554 rise_bottom max=+0.3094/0.2445 |offset| max=0.0682(L0.087/R0.101) JUMP=0
[jump-debug] stage=READY 検出=31f rise_y max=+0.0647/0.0554 rise_bottom max=+0.3125/0.2445 |offset| max=0.0676(L0.087/R0.101) JUMP=0
[jump-debug] stage=READY 検出=31f rise_y max=+0.0727/0.0554 rise_bottom max=+0.3125/0.2445 |offset| max=0.0682(L0.087/R0.101) JUMP=0
[jump-debug] stage=READY 検出=31f rise_y max=+0.0710/0.0554 rise_bottom max=+0.3125/0.2445 |offset| max=0.0681(L0.087/R0.101) JUMP=0
[jump-debug] stage=READY 検出=31f rise_y max=+0.0616/0.0554 rise_bottom max=+0.3094/0.2445 |offset| max=0.0681(L0.087/R0.101) JUMP=0
[jump-debug] stage=READY 検出=31f rise_y max=+0.0618/0.0554 rise_bottom max=+0.3125/0.2445 |offset| max=0.0684(L0.087/R0.101) JUMP=0
[jump-debug] stage=READY 検出=31f rise_y max=+0.0692/0.0554 rise_bottom max=+0.3125/0.2445 |offset| max=0.0682(L0.087/R0.101) JUMP=0
[jump-debug] stage=READY 検出=30f rise_y max=+0.0708/0.0554 rise_bottom max=+0.3375/0.2445 |offset| max=0.0686(L0.087/R0.101) JUMP=0
[jump-debug] stage=READY 検出=31f rise_y max=+0.0735/0.0554 rise_bottom max=+0.3125/0.2445 |offset| max=0.0683(L0.087/R0.101) JUMP=0
[jump-debug] stage=READY 検出=31f rise_y max=+0.0714/0.0554 rise_bottom max=+0.3125/0.2445 |offset| max=0.0684(L0.087/R0.101) JUMP=0
[jump-debug] stage=READY 検出=31f rise_y max=+0.0740/0.0554 rise_bottom max=+0.3125/0.2445 |offset| max=0.0666(L0.087/R0.101) JUMP=0
[jump-debug] stage=READY 検出=31f rise_y max=+0.0622/0.0554 rise_bottom max=+0.3094/0.2445 |offset| max=0.0666(L0.087/R0.101) JUMP=0
[jump-debug] stage=READY 検出=31f rise_y max=+0.0625/0.0554 rise_bottom max=+0.3125/0.2445 |offset| max=0.0670(L0.087/R0.101) JUMP=0
[jump-debug] stage=READY 検出=30f rise_y max=+0.0741/0.0554 rise_bottom max=+0.3125/0.2445 |offset| max=0.0678(L0.087/R0.101) JUMP=0
[jump-debug] stage=READY 検出=31f rise_y max=+0.0714/0.0554 rise_bottom max=+0.3375/0.2445 |offset| max=0.0680(L0.087/R0.101) JUMP=0
[jump-debug] stage=READY 検出=30f rise_y max=+0.0734/0.0554 rise_bottom max=+0.3125/0.2445 |offset| max=0.0679(L0.087/R0.101) JUMP=0
[jump-debug] stage=READY 検出=31f rise_y max=+0.0710/0.0554 rise_bottom max=+0.3125/0.2445 |offset| max=0.0681(L0.087/R0.101) JUMP=0
[jump-debug] stage=READY 検出=31f rise_y max=+0.0739/0.0554 rise_bottom max=+0.3375/0.2445 |offset| max=0.0681(L0.087/R0.101) JUMP=0
[jump-debug] stage=READY 検出=31f rise_y max=+0.0701/0.0554 rise_bottom max=+0.3375/0.2445 |offset| max=0.0685(L0.087/R0.101) JUMP=0
[jump-debug] stage=READY 検出=31f rise_y max=+0.0726/0.0554 rise_bottom max=+0.3125/0.2445 |offset| max=0.0683(L0.087/R0.101) JUMP=0
[jump-debug] stage=READY 検出=31f rise_y max=+0.0734/0.0554 rise_bottom max=+0.3125/0.2445 |offset| max=0.0684(L0.087/R0.101) JUMP=0
[jump-debug] stage=READY 検出=30f rise_y max=+0.0653/0.0554 rise_bottom max=+0.3375/0.2445 |offset| max=0.0683(L0.087/R0.101) JUMP=0
[jump-debug] stage=READY 検出=31f rise_y max=+0.0729/0.0554 rise_bottom max=+0.3125/0.2445 |offset| max=0.0675(L0.087/R0.101) JUMP=0
[jump-debug] stage=READY 検出=31f rise_y max=+0.0721/0.0554 rise_bottom max=+0.3125/0.2445 |offset| max=0.0682(L0.087/R0.101) JUMP=0
[jump-debug] stage=READY 検出=31f rise_y max=+0.0698/0.0554 rise_bottom max=+0.3125/0.2445 |offset| max=0.0679(L0.087/R0.101) JUMP=0
[jump-debug] stage=READY 検出=31f rise_y max=+0.0701/0.0554 rise_bottom max=+0.3125/0.2445 |offset| max=0.0669(L0.087/R0.101) JUMP=0
[jump-debug] stage=READY 検出=31f rise_y max=+0.0706/0.0554 rise_bottom max=+0.3094/0.2445 |offset| max=0.0667(L0.087/R0.101) JUMP=0
[jump-debug] stage=READY 検出=31f rise_y max=+0.0694/0.0554 rise_bottom max=+0.3094/0.2445 |offset| max=0.0665(L0.087/R0.101) JUMP=0
[jump-debug] stage=READY 検出=31f rise_y max=+0.0721/0.0554 rise_bottom max=+0.3375/0.2445 |offset| max=0.0675(L0.087/R0.101) JUMP=0
[jump-debug] stage=READY 検出=31f rise_y max=+0.0734/0.0554 rise_bottom max=+0.3125/0.2445 |offset| max=0.0670(L0.087/R0.101) JUMP=0
[jump-debug] stage=READY 検出=31f rise_y max=+0.0734/0.0554 rise_bottom max=+0.3375/0.2445 |offset| max=0.0673(L0.087/R0.101) JUMP=0
[jump-debug] stage=READY 検出=31f rise_y max=+0.0641/0.0554 rise_bottom max=+0.3125/0.2445 |offset| max=0.0671(L0.087/R0.101) JUMP=0
[jump-debug] stage=READY 検出=31f rise_y max=+0.0693/0.0554 rise_bottom max=+0.3125/0.2445 |offset| max=0.0670(L0.087/R0.101) JUMP=0
